Tên Chợ,Vĩ độ (Lat),Kinh độ (Lon),Loại dữ liệu,OSM ID
Chợ nổi Cái Răng,10.0034333,105.7450883,node,376818778
chợ Lo,20.622683,105.231634,node,446043788
Chợ Dương Đông,10.2206293,103.9591854,node,477604691
Chợ (Không tên),20.5673749,105.0142844,node,668769529
Chợ Đêm Tân An,10.5313746,106.4165997,node,980138079
Coopmart Tân An,10.5345475,106.4107415,node,980138807
Chợ (Không tên),11.9551014,108.431082,node,1152317395
Chợ Đà Lạt,11.9435196,108.4372097,node,1152317883
Phan Chu Trinh,11.9495015,108.4636063,node,1152346560
Chợ (Không tên),11.9428516,108.4524732,node,1152350964
Chợ (Không tên),11.9392214,108.4265514,node,1152352701
Chợ,16.4616905,107.5900942,node,1248656125
Chợ Gò Công (mới),10.3606458,106.6724185,node,1270298405
Chợ Gò Công,10.3622504,106.673558,node,1270298441
Chợ (Không tên),9.8139931,105.0614163,node,1274268757
Chợ Đục Đá,20.5914536,105.9270085,node,1274538623
Chợ Vĩnh Tân,11.0437006,107.0186129,node,1275271658
Chợ Thạnh An,11.2049529,106.3990157,node,1275615144
Chợ (Không tên),10.7114181,105.1203456,node,1316475285
Chợ (Không tên),10.7123695,105.1196327,node,1316475299
Chợ trung tâm Pleiku,13.9789735,107.9961475,node,1380856181
Chợ Đầm,13.782407,109.2249884,node,1533619325
Chợ Đông Hà,16.8239186,107.0992767,node,1633652258
Chợ Phường 7,13.1023529,109.3118133,node,1644008071
Chợ Chiều Thắng Lợi,20.9723698,105.7455509,node,1685291681
Siêu thị Thành Sơn,21.1389727,105.5072008,node,1711447442
Cho Cat Ba,20.7274511,107.0469791,node,1724610762
Chợ Đắk Mâm,12.459185,107.8263915,node,1731367489
Chợ Quang Thiện,20.1005657,106.1080623,node,1736286837
Chợ Quy Hậu,20.1043537,106.1167869,node,1738253487
Chợ Đăk Mil,12.4487525,107.6210296,node,1738893058
Chợ Tiên Thủy,10.2627112,106.2394162,node,1753037671
Chợ Cán Cấu,22.6173391,104.3005947,node,1754984136
Chợ Cốc Ly,22.501401,104.1981107,node,1755563883
Chợ Cầu Dừa,10.758802,106.694865,node,1779408189
Chợ An Hòa,10.0491642,105.7724079,node,1793968790
Chợ Cần Thơ Bé,10.2253858,105.5530469,node,1805721824
Chợ Thơm Rơm,10.1824381,105.551018,node,1805721842
Chợ Tân Lược,10.1410978,105.7167036,node,1810811790
Chợ Mỹ Hôị Đông,10.5405018,105.3307764,node,1812091236
Chợ Vàm Sáng Cây Dương,10.5559547,105.2652246,node,1812183322
chợ Chợ Vàm,10.7120201,105.3447458,node,1813366680
Chợ Vĩnh Hội Đông,10.7947567,105.0667089,node,1813598527
Chợ Long An,10.8022709,105.206687,node,1813632282
Chợ Hồng Ngự,10.8080927,105.3424622,node,1814717602
Chợ (Không tên),15.8789576,108.3048545,node,1819473126
Chợ An Bình,10.8724735,106.7572494,node,1921519106
Chợ Xã Tây,10.7530475,106.6629554,node,2068659852
Chợ Hoa Quảng Bá,21.0682495,105.8272643,node,2136318858
Chợ (Không tên),21.0770945,105.8360083,node,2136318878
Chợ Mai,16.1002449,108.2525503,node,2147654924
Chợ (Không tên),21.3927936,103.0150867,node,2270438302
Chợ đêm sađéc,10.2959243,105.7673144,node,2271294566
Chợ (Không tên),10.7051429,107.9856445,node,2273284564
Chợ (Không tên),10.7213773,107.9411306,node,2273284566
Chợ (Không tên),10.9368166,108.1276636,node,2287646990
Chợ Hàm Tiến(market),10.954117,108.2451404,node,2287646994
Chợ (Không tên),21.024853,105.8478962,node,2290037023
Chợ Cầu,10.847542,106.6356317,node,2296666121
Chợ (Không tên),21.0596487,105.8927714,node,2297911469
Chợ Bình An,10.1628574,104.6130601,node,2324491346
Chợ Hà Tiên,10.3789699,104.4854028,node,2327003283
Chợ Du lịch Vũng Tàu,10.3452023,107.0942967,node,2339056843
Chợ Vườn Lài,10.86014,106.6917046,node,2341630281
Chợ Phùng Khoang,20.9858966,105.7937986,node,2471647464
Chợ Đôn,20.8396502,106.6692226,node,2476530994
Đoàn Kết,20.8437707,106.6934285,node,2477234843
Chợ Đình,20.8314819,106.6986688,node,2487478559
Chợ Hữu Quan,20.8879285,106.6894343,node,2487786278
Chợ Lam Sơn,20.8495373,106.6646285,node,2490798795
Chợ rau quả đầu mối,20.8680728,106.6608866,node,2494987923
Chợ cóc,20.8363022,106.7038022,node,2497090038
Chợ Cần Thơ,10.0280618,105.7870934,node,2598517874
Chợ Hưng Lợi,10.0238579,105.7617067,node,2598517882
Floating Market Cai Be,10.3327205,106.0353954,node,2613253484
Chợ Phước Hưng,10.5070586,107.1722679,node,2614656903
Chợ (Không tên),13.2007734,108.2062419,node,2624565896
Chợ Cô Giang,10.3549981,107.0787341,node,2641109127
Chợ Long Hải,10.4090241,107.2213214,node,2645445837
Chợ Hải Sơn,10.3917835,107.2324257,node,2645445903
Chợ Xóm Lưới,10.3414775,107.0760829,node,2649575440
Chợ Ngọc Hà,10.6064831,107.0539223,node,2727010778
Chợ Mỹ Xuân,10.6213121,107.0549842,node,2730532695
Chợ Ông Trịnh,10.5618414,107.0607272,node,2746829200
Chợ Phước Lộc,10.5517087,107.0672289,node,2746829243
Chợ Lam Sơn,10.5291568,107.0793992,node,2746829362
Chợ Tăng Nhơn Phú B,10.831297,106.7840226,node,2776788997
Chợ Láng Lớn,10.662504,107.169844,node,2802749870
Chợ Bình Khánh,10.7866226,106.7383719,node,2817112818
Chợ Trà Vinh,9.935513,106.3423448,node,2920572947
Cat Hai,10.501393,107.094132,node,2935318501
Chợ Hải Sản Hàng Dương,10.38719,106.919392,node,2947357933
Market,10.688255,107.020542,node,2975422434
Song Vinh,10.564926,107.057295,node,2980477636
Thon Cat Hai,10.501611,107.091956,node,2980501933
Ap Phuoc Hiep,10.518056,107.083885,node,2980508635
Ap Phuoc Loc-Tan Phuoc,10.549543,107.068669,node,2980508638
Ap 3,10.692771,107.0163,node,2980508739
Ấp Tập Phước,10.706494,107.006428,node,2980508740
Thon Phuoc Long,10.514503,107.086023,node,2980510135
Ap Hai son,10.535353,107.074088,node,2980510334
Ap Phu Ha,10.630567,107.047455,node,2980513434
Ấp Long Phú,10.686698,107.020589,node,2980546433
Ấp Đất Mới,10.72898,106.989644,node,2980559933
Chợ Phú Bài,16.408181,107.6779,node,2985559534
Chợ cầu Hai,16.2703345,107.8802772,node,2985592978
Chợ Cái Răng,10.0060066,105.7509847,node,3108158476
Chợ cũ NamNJang,12.1980308,107.5761827,node,3163972838
Chợ Hệ,20.8444201,106.4704846,node,3228069674
Chợ Bầu,20.8317976,106.4554981,node,3231373234
Chợ Đại Từ,20.9704793,105.8325149,node,3234578992
Chợ Hương,20.9018305,106.428567,node,3254595841
Market,23.0658884,104.9903862,node,3282237826
Cho An Binh,10.2717802,105.9643042,node,3284635842
Small market,10.947351,108.200097,node,3330069693
Chợ Nhân Chính,20.9983875,105.8093027,node,3389007927
Chợ Tuyên Nhơn,10.6590701,106.1823026,node,3451885364
Chợ Bàu Trai,10.9003024,106.3934648,node,3455659053
Floating Market,10.0154741,105.6484063,node,3482839700
Chợ An Lạc,10.0256729,105.783137,node,3507987206
Chợ Tiên Yên,21.3310526,107.3986761,node,3724072615
Chợ (Không tên),11.9524855,108.4394817,node,3770188798
Pho Cao,23.186326,105.1973104,node,3844118493
Floating market,9.9937435,105.6677136,node,3867250436
Chợ (Không tên),10.3749064,103.8450037,node,4068098731
Chợ Đất Đỏ,10.4898344,107.271205,node,4123783894
Chợ Campuchia,10.7633674,106.6776016,node,4138575689
Local market,22.8197816,104.9872929,node,4170738009
Chợ (Không tên),11.9424675,108.4272551,node,4265455436
Chợ Hiệp Bình Phước,10.863161,106.7210254,node,4295824693
Chợ Long Trường,10.8061332,106.8224664,node,4374995103
Chợ Miếu Bông,15.97989,108.2089787,node,4386676224
Chợ Đêm Hàng Đào – Đồng Xuân,21.0335078,105.8509571,node,4489385889
Chợ Đêm,21.1473208,105.5021092,node,4532462397
Chợ Đêm,21.0332192,105.8523763,node,4572907889
Chợ Nancy,10.7557937,106.6858615,node,4593843138
Chợ (Không tên),11.2254827,108.7282699,node,4607152591
Chợ Chiều,10.7676377,106.6928286,node,4617175606
Chợ Nhật Tảo,10.7641455,106.6653042,node,4618297763
Chợ (Không tên),14.1791447,109.052523,node,4637264792
Chợ (Không tên),21.0248258,105.9911384,node,4698571049
Chợ (Không tên),20.9750222,105.9117762,node,4712969789
Chợ (Không tên),17.5823607,106.2820798,node,4730535258
Chợ (Không tên),22.3963722,103.8424404,node,4748731527
Chợ Sa Pa,22.338292,103.8519846,node,4811351954
Chợ Phú Định,10.7198216,106.6232197,node,4813074208
Chợ Vĩnh Lộc A,10.8324893,106.5655415,node,4865522226
Chợ Đình,10.9855069,106.6679563,node,4872310218
Chợ phiên Sín Chéng,22.6609298,104.2275152,node,4887485025
Chợ (Không tên),10.9175385,106.7524888,node,4895243369
Chợ Thống Nhất,20.6047164,106.0989321,node,4900690841
Chợ Quế,20.5757389,105.8728946,node,4900694693
Chợ Khiết Tâm,10.8763939,106.746659,node,4938463194
Chợ An Lạc,10.7418135,106.6200916,node,4988383959
Chợ Chim Xanh,10.7659514,106.6484854,node,5001799155
Chợ Vĩnh Bình,10.4410671,105.1709736,node,5085853552
Chợ (Không tên),10.0007021,105.7439931,node,5089151009
Chợ Phố Châu,18.5112015,105.4221761,node,5115399458
Chợ Thị trấn Phong Thổ,22.5438048,103.2868722,node,5147709269
Chợ Điện Dương mới,15.9215858,108.3005673,node,5158938154
Chợ Trần Việt Châu,10.0460336,105.7679807,node,5177435713
Chợ (Không tên),20.4339651,106.1625194,node,5193749231
Chợ (Không tên),10.7702128,106.67081,node,5211511726
Siêu thị Vinmart+,10.0345454,105.7757047,node,5211512515
Công ty Cổ phần nông sản thực phẩm xuất khẩu Cần thơ,10.0393106,105.7768822,node,5211519523
Chợ An Hòa,10.0495793,105.7727998,node,5245298504
Chợ Cần Thơ,10.0314505,105.7881126,node,5251841865
Nhà Lồng 3,10.0059155,105.7506658,node,5253292065
Chợ Kênh Mới,9.1388922,104.8204145,node,5253429855
Chợ (Không tên),10.0253269,105.7669044,node,5257231529
Cho Ha Than,16.0646963,108.2313711,node,5273999821
Chợ Thanh Toàn,16.4662802,107.6429665,node,5295611823
Chợ Chín Bộ,9.1520109,104.8594326,node,5302713334
Chợ Khánh Hải,9.0918683,104.8586118,node,5302714778
Chợ Bình Minh,22.4226327,104.0267542,node,5303225645
Chợ Cống,16.4701276,107.5993973,node,5323669423
Chợ Gò Mối,13.8423321,109.1389768,node,5336224422
Chợ La Hai,13.3814082,109.1064816,node,5336410883
Souvenir Shops,17.5302143,106.2281531,node,5338995127
Souvenir Shops,17.5303156,106.2279196,node,5339019725
Cho Dong Van,20.2138765,105.9346101,node,5350977622
chợ Nước Xoáy,10.344884,105.6810343,node,5374181271
chợ Nước Xoáy ( mới ),10.3453898,105.6803559,node,5374201673
Chợ Tân Giang,22.6534056,106.2689428,node,5377612024
Chợ Trung tâm,22.9470418,105.6807396,node,5380395923
Chợ Diêu Trì,13.8069456,109.1460068,node,5380926921
Cho Minh Khai,22.8198783,104.9856553,node,5390086448
Chợ Phạm Thế Hiển,10.7432291,106.6711112,node,5433188022
Chợ Tân Kiểng 1,10.7515198,106.7054977,node,5436824926
Chợ Nghĩa Thành,10.5779134,107.2068697,node,5454129164
Chợ Đá Bạc,10.5949337,107.2844875,node,5454129843
Chợ (Không tên),13.7993879,107.6933052,node,5477405246
Chợ Bà Bộ,10.0367957,105.7448494,node,5485018721
Chợ Phước Hưng,9.7584653,106.3091651,node,5485646022
Chợ Sáng Trần Quang Diệu,21.0170546,105.8270102,node,5485651759
Chợ Tình Sapa,21.008478,105.8133716,node,5485657266
Chợ Láng Thượng,21.0236535,105.8048715,node,5485660083
Chợ Hoa Quảng An,21.0679022,105.8272796,node,5485665267
Chợ (Không tên),21.0282006,105.841697,node,5485711487
Chợ Si Ma Cai,22.6989784,104.2861515,node,5487844821
Chợ Sa Thầy,14.4080323,107.7977683,node,5489021732
Chợ Mẹt,21.5077954,106.346572,node,5495489369
Chợ Bàu Lâm,10.6868658,107.3895282,node,5542825353
Chợ Bến Đình,10.3721127,107.0766337,node,5552599299
Chợ (Không tên),10.0169843,105.7045028,node,5563605675
Chợ (Không tên),11.7892233,108.2435489,node,5564524970
Chợ Bàu Sen,10.7581159,106.6784826,node,5598913820
Chợ (Không tên),10.7625665,106.6731423,node,5598915237
Chợ (Không tên),10.7665321,106.6761598,node,5598915523
Nguyễn Công Trứ,10.3420618,107.0768538,node,5599563192
Chợ Phước Hoà,10.7111536,107.0057555,node,5613330520
Chợ Phước Bình,10.659928,107.0375791,node,5613330535
Chợ Chờ,21.1945675,105.9557221,node,5618095144
Chợ Phương Lâm,20.8203616,105.3403319,node,5641539689
Chợ Phú Thủy 1,10.9342964,108.1123856,node,5648652582
Chợ Phú Thủy 2,10.9343085,108.1121784,node,5648652583
Chợ Thái Hòa,21.4474434,105.526253,node,5663035960
Chợ Bình An,10.8984228,106.8084973,node,5747292796
Chợ Sao Đỏ,21.1138256,106.396848,node,5913680225
Chợ Đêm,15.8757772,108.3259285,node,6099308589
Chợ (Không tên),10.2277709,103.9720455,node,6149190186
Rạch Dầu,10.2775044,105.5866446,node,6185903320
Co.op Mart,10.7720132,106.7716974,node,6239863087
Chợ (Không tên),14.8877641,108.9201365,node,6261955923
Chợ Ngan Rô,9.5480593,106.1672401,node,6271518737
Chợ Nổi Ngã Năm,9.5663969,105.597209,node,6285930895
Chợ Lớn Phan Thiết,10.9259621,108.0968567,node,6328264154
Chợ Độc Lập,21.0087034,107.3022625,node,6367481530
Cho Giong,20.9775335,106.4270189,node,6367775739
Chợ (Không tên),11.5702941,108.9927188,node,6408708783
Chợ Nam Phước market,15.8434221,108.2808133,node,6422678433
Chợ Xuân Lộc,13.5807491,109.2003008,node,6436564371
Thông Dông,10.2691397,105.616784,node,6456807230
Chợ Chiều,14.009325,109.0563283,node,6468350788
Chợ (Không tên),10.0638619,104.0174482,node,6477936687
Chợ Đo Đạc,10.7943977,106.7346479,node,6512360893
Chợ Biên giới A Pa Chải - Long Phú,22.4302785,102.1724466,node,6515217495
Chợ Mỹ Nhơn,10.1029624,106.5845966,node,6543711531
Chợ (Không tên),16.0141734,108.2051349,node,6572764000
Chợ thực phẩm Thông Dông,10.2697784,105.6175273,node,6609183044
Chợ Ông Bầu,10.4441518,105.6963827,node,6643747671
Viet Mark,21.0066433,105.8614475,node,6685404399
Chợ (Không tên),21.0201039,105.8010869,node,6685506998
Chợ (Không tên),10.8296646,106.6358594,node,6699586167
Chợ Chiềng Mung,21.2382756,104.0147546,node,6704906860
Circle K,10.7752756,106.634713,node,6723955889
Co.op Food - Trịnh Đình Thảo,10.7752486,106.6347907,node,6724540548
Circle K,10.7697462,106.633742,node,6725178924
Circle K,10.760328,106.6808899,node,6727039411
Circle K,10.7608827,106.6796708,node,6775727584
Chợ (Không tên),10.8208871,106.7039424,node,6800082283
Chợ Xanh Linh Đàm,20.9658478,105.83422,node,6849181831
Chợ Hải Sản Hồ Tràm,10.4704151,107.436613,node,6920067323
Chợ Long Điền,10.4937697,107.2149432,node,6937327521
Cong Bang Market,22.5962627,105.588833,node,6941237880
Chợ (Không tên),13.6352659,109.2267898,node,6947288213
Chợ chiều,20.162609,105.92953,node,7055942208
Chợ giữa,20.1582444,105.9210646,node,7055942209
Chợ sáng,20.1535555,105.912164,node,7055942210
TK mark,20.9891267,105.8080635,node,7055975987
Chợ (Không tên),21.032155,105.8125797,node,7061733386
Cong Hua Xa,16.0558591,108.2393895,node,7085739056
Chợ Phường 8,10.3634914,107.0915822,node,7100657303
Chợ Thôn Hoành,20.8014384,105.6765966,node,7148520378
Chợ (Không tên),15.957235,108.2916707,node,7156887353
Chợ (Không tên),21.622539,106.3534239,node,7176653297
CHỢ BA CANH,17.1375665,106.8077627,node,7178476934
Chợ (Không tên),21.1098019,105.8772089,node,7178806762
Chợ (Không tên),15.9135878,108.335558,node,7190630579
Chợ (Không tên),21.032633,105.8530217,node,7202554793
Chợ (Không tên),20.9013465,105.7179216,node,7229303135
Market,17.7359559,105.9610141,node,7247214590
Chợ Giang Đình,18.6631822,105.759296,node,7261115026
Chợ Dục Mỹ,12.5361869,109.019279,node,7291264096
Chợ Đại Chánh,15.8059796,108.0402111,node,7520823002
Chợ An Thới,10.0176177,104.0137681,node,7629278439
Chợ Bà Tô,10.5349703,107.4006513,node,7798496950
Trung tâm Thương mại Chợ Tân Thành,11.1513006,106.8423977,node,7802527527
Chợ Long Thạnh,10.3848268,106.9109483,node,7820394459
Chợ Huyện Sìn Hồ,22.3596522,103.2491335,node,7930629962
Chợ Yên Minh,23.1194543,105.1406609,node,8042146303
Chợ Trước Cổng Trung Tâm Y Tế,20.9680682,105.7788857,node,8185432737
Chợ Trà,20.3030163,106.3912002,node,8247016531
Siêu Thị Sky Fresh,10.7921246,106.7228756,node,8269175107
Chợ (Không tên),20.9038065,105.7232177,node,8282900558
Chợ chiều 5 ngàn,15.8857972,107.4906139,node,8422540935
Chợ Long Hậu,10.2919127,105.6376686,node,8566792726
Chợ ký túc xá Samsung Thái NGuyên,21.4194994,105.8973186,node,8793754100
Chợ (Không tên),21.0680393,107.4235117,node,8878101804
Chợ (Không tên),10.290569,105.657314,node,8929776994
Chợ Hải Sản,10.289919,105.6577304,node,8929776995
Vitalmart,21.0115909,105.7961933,node,8938435127
Chợ Hải Tiến,21.5379732,107.8597918,node,8978958400
Chợ Hải Đông,21.5403633,107.8870967,node,8978963816
Chợ số 4,21.5358051,107.9765001,node,8995474586
Chợ (Không tên),21.5068963,105.8059257,node,9028029211
Chợ (Không tên),21.5084336,105.8081634,node,9028029212
Chợ (Không tên),21.4775863,105.8399959,node,9028150826
Chợ (Không tên),21.4707782,105.8309506,node,9028150834
Chợ (Không tên),21.4690654,105.8302987,node,9028150835
Chợ (Không tên),21.472647,105.845236,node,9028183710
Chợ (Không tên),21.4451213,105.8592231,node,9028202320
Chợ (Không tên),21.4598482,105.8646622,node,9028202329
Chợ Chùa Hang,21.6252658,105.8452625,node,9028649344
Chợ Thuận Hoà,16.4681042,107.5740745,node,9185956825
Chợ Tư Đình,21.0273881,105.8871527,node,9237323772
Siêu Thị K,21.0150675,105.7768155,node,9584817367
Chợ Hoa Hồ Thị Kỷ,10.7656721,106.6774059,node,9584841106
Chợ Xanh Định Công,20.9848352,105.833731,node,9587087000
Chợ An Nhơn,10.8412339,106.6772851,node,9587204863
Bách Hoá Xanh - 2C - 2D Phùng Văn Cung,10.7999139,106.6866177,node,9587329655
Chợ Phước Long B,10.8292978,106.7687005,node,9587375643
Chợ Dân Sinh,10.7665534,106.6979948,node,9587486344
Chợ Cô Giang,10.7627952,106.6947299,node,9587486348
Chợ Cư xá Ngân hàng,10.7482605,106.7167158,node,9587493562
Chợ Linh Xuân,10.8774415,106.7660961,node,9587493568
Chợ Lò Than,10.7398106,106.6539072,node,9587566620
Chợ Lạc Quang,10.8353586,106.6196328,node,9587618722
Chợ Ngã Ba Bầu,10.8701553,106.615238,node,9587618738
Chợ Phú Hữu,10.7905502,106.789698,node,9587618741
Chợ Đầu mối Nông Sản Thực Phẩm Hóc Môn,10.8600343,106.6014401,node,9587618747
Chợ Xóm Mới,10.8500841,106.6643054,node,9593240659
Chợ Thông Dụng,10.9359603,106.7447949,node,9593278310
Chợ Bình Đáng,10.9193995,106.7290922,node,9593278311
Chợ Hài Mỹ,10.9745582,106.7154313,node,9593278312
Chợ Đêm Linh Trung,10.8896113,106.7269697,node,9593340023
Chợ Tân Phước Khánh,11.0046937,106.7199894,node,9593340028
Chợ Vĩnh Tân,11.1170754,106.7031525,node,9593340029
Chợ Phú Phong,10.9716237,106.7421133,node,9593340030
Chợ Bà Lát,10.7709448,106.5515239,node,9593358308
Chợ Hưng Long,10.6579687,106.6082338,node,9593386645
Chợ 78,10.9396653,106.7187971,node,9593572486
Chợ Chí Hùng,10.9771814,106.7536811,node,9593572493
Chợ Dĩ An 2,10.8847076,106.7579605,node,9593572496
Chợ 434,10.9179867,106.7343481,node,9593572497
Chợ Tân Nhựt,10.7052372,106.5641671,node,9593946657
Chợ Liên Ấp 123,10.7908531,106.5803932,node,9593946662
Chợ Đông Thạnh,10.9041924,106.6365673,node,9593974912
Chợ Cây Điệp,10.8111914,106.6953748,node,9729070768
Chợ Trúc,19.408736,105.7545689,node,9772374088
Chợ Hòa Lạc,21.02722,105.5188858,node,9844633824
Cho Hoa Kanh,10.3621626,105.9879748,node,9921259772
Chợ Trung Tự,21.0086201,105.8330627,node,9976457533
Chợ Nam Đồng,21.0117663,105.8283958,node,9976457534
Chợ (Không tên),20.1434785,106.0282308,node,10221070952
Chợ Chùa Hữu Định,10.25921,106.4254573,node,10574527482
Chợ Bách Khoa,21.0016618,105.845399,node,10720585225
Chợ Phường 6,10.2469779,106.3614732,node,10784604641
Chợ Sơn Hòa,10.2573534,106.3161172,node,10799545892
Chợ Thành Triệu,10.295416,106.2580881,node,10799584526
Chợ Sơn Đông,10.2674986,106.3351811,node,10806643281
Chợ Trường Thịnh,10.2473801,106.2707406,node,10806645009
Chợ Miên,10.2534776,106.2783066,node,10806655652
Chợ Thành An,10.2033402,106.3155638,node,10806683345
Chợ Chùa Tân Thành,10.2566861,106.3631518,node,10821789269
Chợ An Linh,11.3554763,106.7269866,node,10828675390
Chợ Bưởi,21.0481877,105.8066076,node,10858085458
Chợ Phú An,20.9529795,106.2491153,node,11018657316
chợ xã kháng nhật,21.6704519,105.428872,node,11050219523
Chợ Thạch Sơn,20.1857755,105.6086244,node,11051471334
Chợ Yên Dạ,20.1641033,105.6274314,node,11051539239
Chợ Kim Tân,20.1294471,105.6689734,node,11052249148
Chợ Thạch Yến,20.2466189,105.5538197,node,11052276896
Tạp hoá Hoàn Tèo,20.1860764,105.6081544,node,11055483916
Chợ Bến,20.6858256,105.6692165,node,11058019888
Chợ Rạch Chanh,10.4718479,105.6358954,node,11076377967
Chợ Thuận Mỹ,10.4452838,106.5618713,node,11093760292
Chợ Tân Trạch,10.5630164,106.5732226,node,11097050854
Chợ Phước Minh,11.3137212,106.3081372,node,11114726518
Chợ Võ Xá,17.3845685,106.6534076,node,11164706028
Chợ Châu Thạnh,10.7175827,105.1142038,node,11183759523
Chợ An Khánh,10.0389576,105.7544119,node,11242047896
Chợ phường Nguyễn Trãi,14.337893,107.9933757,node,11259490548
Chợ Đồng Hới,17.4645798,106.6275579,node,11350925677
Chợ Lạc Nghiệp,11.8453985,108.599519,node,11358520775
Chợ Châu Sơn,11.8205197,108.5685861,node,11358549903
Market Street,16.0557874,108.2394141,node,11360322717
Fruits and vegetables,15.876183,108.3315667,node,11364104179
Produce,15.891668,108.314232,node,11364117282
Chợ đêm Biên Hùng,10.9533848,106.8215467,node,11371018271
Chợ (Không tên),15.864851,108.3243023,node,11374673629
Market 6,13.7658958,109.2163034,node,11379409636
Chợ (Không tên),13.7651984,109.2158757,node,11379438914
Chợ (Không tên),13.7656833,109.2165916,node,11379440826
Chợ (Không tên),13.7527572,109.2120071,node,11379461348
Evening Textile Market,13.7641678,109.2210722,node,11379467998
Market 2 (Produce and fish),13.7658704,109.2247217,node,11381337839
Central Market,13.7724381,109.224633,node,11383439688
Fruits (cheap & specials),10.3499361,107.086166,node,11424996126
Thai Market,15.9963119,107.9889349,node,11427582964
Chợ Huỳnh Văn Chính,10.7808343,106.6414933,node,11465699290
Chợ Vĩnh Viễn,9.664509,105.4632675,node,11497041281
Chợ dân sinh HH,20.9629327,105.8268188,node,11506051549
Chợ Đông Giang,11.5512924,109.029459,node,11528315807
Chợ hoa Xuân,14.3640033,108.0182041,node,11536762467
Chợ Vĩnh Tuy,21.0017434,105.8716876,node,11644919775
Chợ (Không tên),21.6023227,104.5122183,node,11768914351
Chợ Gành Dầu,10.3731575,103.8474338,node,11849971190
Chợ Nho Lâm,13.0754891,109.2247991,node,11869832496
Chợ Phước Mỹ,16.0665465,108.2422676,node,11888483369
Chợ Cầu Ngang,9.7968888,106.4516051,node,11932349853
Chợ (Không tên),20.9671325,105.8187521,node,11936494469
Chợ đêm Na Hang,22.3478558,105.381227,node,11968161272
Chợ Baza,21.0857314,105.9408587,node,11989415196
Chợ (Không tên),15.9133389,108.3360666,node,12014356930
Hà Đăng Mart,21.0151651,105.7825427,node,12033021597
Marché de nuit de con dao,8.6861708,106.6087566,node,12071744837
Chợ (Không tên),12.27906,108.9087018,node,12089209127
Chợ quê Nghiêm Xá,20.8080169,105.8533554,node,12090162463
Chợ Đông Hải,9.5499006,106.4329755,node,12121697364
Chợ Đồn,13.1643216,109.1311186,node,12123891375
Chợ Sơn Hòa,13.0477958,108.9754636,node,12123891604
Cảng cá Vũng Chao,13.4462441,109.2903273,node,12128947555
Chợ Vũng Chao,13.4455109,109.2911613,node,12128947556
Chợ nổi mới Tân Phong,10.3122272,106.032718,node,12141867902
Chợ Giồng Chùa,9.986144,106.5038628,node,12156991369
Chợ Mễ Trì,21.0103485,105.7788194,node,12177717116
Seafood mini-market,10.7910098,106.7073948,node,12259274107
Local Market,10.3366448,106.0323966,node,12331133804
Chợ đêm Lê Duẩn,16.070751,108.2150164,node,12333995781
Chợ đêm Bà Rịa,10.4962728,107.1658032,node,12468113279
Phố đêm xứ Trảng,11.0317784,106.3538818,node,12495635616
Night Market,10.1151424,103.9835591,node,12541150253
Chợ (Không tên),20.6512969,105.155906,node,12548844505
Chợ (Không tên),16.3074976,108.0045335,node,12603382390
Chợ Cây Quéo,10.8089294,106.6868754,node,12606376174
Chợ (Không tên),11.4237407,107.4369806,node,12613088206
Chợ (Không tên),11.2852501,107.4884473,node,12617618204
Chợ (Không tên),16.6195122,106.5987524,node,12623112102
Chợ (Không tên),9.7983682,104.6326228,node,12623423813
Chợ (Không tên),9.7990969,104.6130697,node,12625585280
Chợ (Không tên),18.4599537,105.316618,node,12651652601
Chợ (Không tên),21.9598313,106.36705,node,12682591168
Chợ Côn Minh,22.126094,106.0220217,node,12682625621
Chợ Thành Công,21.0227967,105.8153118,node,12694077466
Chợ Định,21.1144527,105.6627411,node,12717381058
Chợ Phú Diễn,21.0520228,105.7581687,node,12769662336
Chợ Canh,21.0343959,105.7418874,node,12769681330
Chợ (Không tên),21.8505246,104.0886776,node,12770199802
Chợ Bến Phà,20.8166666,106.6250831,node,12799672101
Chợ (Không tên),20.8462474,104.6407251,node,12805351601
Chợ,22.4738913,105.6468216,node,12809075901
Chợ Gò Công,20.801644,106.6267057,node,12813271402
Chợ Cốm Mễ Trì Hạ,21.0136877,105.7801751,node,12814113704
Chợ Thuận An,9.7703956,106.128837,node,12816821831
Chợ Cầu Quan,9.7668024,106.1332887,node,12817041417
Chợ thôn Đoàn Kết,21.1569857,106.2544728,node,12817187699
Chợ Đồng Sài,21.1479966,106.2297318,node,12817196952
Chợ (Không tên),21.1500767,106.2544923,node,12817227917
Chợ Đa Phúc,20.7946845,106.6564989,node,12830144901
Chợ Hàng,20.8350649,106.6782325,node,12846494962
Chợ Cầu Kè,9.8723353,106.056032,node,12847010016
Chợ Càng Long,9.9976064,106.2058939,node,12851063864
Chợ Gốc si,20.9403759,106.0044732,node,12871235926
Chợ Châu Cầu mới,21.1234285,106.2448328,node,12875264597
Chợ Báu,20.9384228,106.0026924,node,12891859280
Chợ Xuân Quế,10.8442331,107.1663828,node,12925497504
Chợ Chu Mẫu,21.1662869,106.0982866,node,12944060163
Chợ Vân Canh,21.034708,105.7373662,node,12980196296
Chợ Phường 7,10.3677588,107.0829203,node,12995457671
Chợ Mỗ Lao,20.9801728,105.7827636,node,12995557127
Chợ Cư Bao,12.7902317,108.2201518,node,13016534756
Gian Hàng Trạm Dừng Nghỉ KM 237 Lào Cai,22.3627479,104.0818377,node,13016900508
Chợ (Không tên),21.5321698,104.9731874,node,13017095803
chợ Sở Đông,20.9323889,105.9518538,node,13038657789
Chợ (Không tên),11.951717,108.4392916,node,13055866001
Chợ (Không tên),11.9510307,108.435762,node,13061494501
Chợ (Không tên),22.4656944,105.5342116,node,13074579303
Chợ (Không tên),21.1311515,106.2448872,node,13077382258
Chợ (Không tên),21.1408116,106.2547142,node,13088576091
Chợ Lạc Dương,12.0093376,108.4215576,node,13114217050
Chợ Nghĩa Trụ,20.9557048,105.9889774,node,13197034196
Chợ Phù Lưu,20.7883511,106.6214105,node,13227020601
Chợ đầu mối thủy hải sản đêm khu phố Nguyễn Giáo - phường Đồng Nguyên,21.1226782,105.9652309,node,13230939183
Chợ xã Nghĩa Trụ,20.9422669,105.9578643,node,13284616889
Chợ Đông Du,21.12722,106.2012223,node,13290126284
Chợ Đêm Sơn Trà,16.0607314,108.2314438,node,13300819649
Chợ Đổ,20.8570635,106.6726422,node,13307671601
Chợ Nguyễn An Ninh,20.9909813,105.8452483,node,13323664905
Chợ Cóc,20.9914966,105.8452582,node,13323664906
Chợ (Không tên),20.9525442,105.9522852,node,13325635551
Chợ Hàng Da,21.0314652,105.8463455,way,28847036
Chợ Long Phước,10.8084246,106.8598815,way,32587159
Chợ Hội An,15.8767993,108.3313604,way,35952504
Chợ vải Hội An,15.8770764,108.3325201,way,35952591
Chợ Bến Thành,10.7725707,106.6980174,way,39514795
Chợ Tân Định,10.7898998,106.6900513,way,39598471
Chợ Đa Kao,10.7924476,106.6965889,way,39598492
Chợ Thái Bình,10.7667598,106.6888743,way,39598509
Chợ Trần Hữu Trang,10.7934979,106.6718224,way,58711783
Chợ Phú Nhuận,10.7939272,106.6827315,way,59783927
Chợ Nguyễn Đình Chiểu,10.8046364,106.6800049,way,60431691
Chợ Xóm Chiếu,10.7635257,106.7061049,way,79345731
Chợ Đồng Hới,17.4640113,106.6270255,way,87200797
Chợ Cần Thơ,10.0313964,105.7881728,way,89626476
Chợ Cái Khế,10.0439306,105.7844845,way,89890559
Chợ Châu Đốc,10.7110766,105.118877,way,116866865
Chợ Châu Đốc,10.7115617,105.1196228,way,116866866
Chợ An Cựu,16.4574645,107.6006612,way,118541113
Chợ Đầu mối Hoà Cường,16.0308747,108.219824,way,118672509
Lang Co Market,16.2293262,108.0855291,way,130217852
Chợ An Bình,10.0077395,105.7491842,way,136482742
Chợ Sa Đéc,10.2912072,105.7677132,way,147392610
Chợ Trung Tâm Móng Cái,21.5312782,107.9682744,way,149333828
Chợ Đêm Dinh Cậu,10.2162958,103.9605782,way,152800945
Chợ An Đông,10.7581051,106.6721844,way,152990635
Chợ hoa Hồ Thị Kỷ,10.7657014,106.6772919,way,152992729
Chợ Đông Ba,16.4725333,107.5886564,way,161714451
Chợ Nam Dân,20.0905335,106.0870316,way,161869294
Chợ Đầm,12.2549685,109.1917922,way,162815253
Chợ Hòa Bình,10.752056,106.6756651,way,165398104
Chợ Xuân Khánh,10.0266106,105.7768657,way,165936606
Chợ Hưng Lợi,10.0239421,105.7617345,way,166106623
Chợ Hãng Phân,10.7623211,106.7002213,way,166264569
chợ Vịnh Tre,10.6150692,105.2093325,way,166551820
Chợ Số 2,10.1671997,106.0406569,way,168550991
Chợ Xẻo Trôm,10.3645647,105.4393117,way,168666904
Chợ Cái Sao,10.346674,105.4684731,way,168667162
Chợ Phú Lâm,10.7555561,106.6314179,way,169081595
Chợ Cây Da Sà,10.7562354,106.6188804,way,169081613
Chợ thực phẩm Sa Đéc,10.2920814,105.7687548,way,169215762
Chợ An Châu,10.4445182,105.3900436,way,169424210
Chợ Trà Ôn,9.9667272,105.9202889,way,169517705
Chợ trái cây,10.2921558,105.7671907,way,169921966
Chợ Lấp Vò,10.3611667,105.5224527,way,169954862
Chợ Tri Tôn,10.4209063,105.0027492,way,170057718
Chợ Tân Châu,10.7985924,105.2494365,way,170080707
Chợ Thường Thới Tiền,10.811817,105.2482034,way,170177557
Chợ cá Cao Lãnh,10.4536169,105.6375319,way,170190898
Chợ đêm Cao Lãnh,10.4540886,105.6363058,way,170190960
Chợ nông sản Cao Lãnh,10.4542644,105.6374399,way,170194633
Chợ Trần Quốc Toản,10.4856516,105.5806681,way,170402339
Chợ Sáu Quốc,10.4751811,105.6007549,way,170402465
Chợ,10.0345435,105.7819219,way,182127677
Chợ Tân Mỹ,10.7364452,106.7187278,way,188114147
Chợ Kim Biên,10.7500448,106.6559414,way,189027782
Chợ Bồ Đề,13.8278779,109.169263,way,194613419
Night market,12.2396405,109.1957891,way,196749901
Chợ Võ Thành Trang,10.800423,106.6378438,way,198323758
Chợ Cồn,16.0681703,108.2145338,way,204790989
Chợ Hàn,16.0682192,108.2244108,way,204885903
Chợ Vĩnh Thanh 2,10.011269,105.0774414,way,207371810
Chợ Bà Lê,15.8835885,108.3492955,way,210931546
Chợ Vũng Tàu,10.3482132,107.0859232,way,215166910
Chợ Tân Bình,10.7860771,106.6532813,way,220861324
Chợ Nguyễn Văn Trỗi,10.7863437,106.6798496,way,220972106
Chợ Tròn,10.2856843,104.6438452,way,223156494
Chợ Vĩnh Tường,9.7373873,105.5765456,way,224458382
Chợ Sóc Trăng,9.6033751,105.9759427,way,225364178
Chợ Biên Hòa,10.9464622,106.8143888,way,225364839
Chợ Hạnh Thông Tây,10.835642,106.6586789,way,226512569
Chợ Tân Thành,12.6684933,108.0385764,way,228403227
Chợ Tân An,12.6929039,108.0605647,way,228999689
Chợ An Sương,10.8460021,106.6211754,way,230001409
Chợ phường 3,10.2349716,106.3759644,way,230395498
Trung tâm thương mại Bến Tre,10.2351365,106.3771294,way,230396275
Chợ phường 7,10.2338287,106.3582164,way,230782902
Phú Phong Market,13.9122777,108.9193672,way,230818991
Chợ (Không tên),13.1024528,109.3118956,way,232497273
Chợ Bắc Hà,22.5355877,104.2921507,way,234956885
Chợ Rạch Dừa,10.3980115,107.1160115,way,235991337
Chợ Ga,20.8556062,106.6837966,way,236577970
Chợ Trần Quang Khải,20.8595619,106.6807773,way,236754392
Chợ (Không tên),20.2530764,105.9722519,way,236984985
Chợ (Không tên),20.2507949,105.9653004,way,237128743
Chợ Rồng Ninh Bình,20.2561797,105.977616,way,237358188
Chợ Bảo Lộc,11.5466988,107.8105343,way,237492804
Chợ (Không tên),16.5553267,107.6485383,way,238752613
Chợ Con,20.8504196,106.6843996,way,240409584
Chợ Cát Bi,20.8239499,106.7120016,way,240463678
Chợ An Dương,20.8495427,106.6703275,way,240890021
Chợ Đông Hải,20.853007,106.7176566,way,241066679
Chợ Phú An,13.9003243,108.9428075,way,241070645
Chợ Đồng Quốc Bình,20.8382092,106.6963028,way,241127678
Chợ Đằng Lâm,20.8301729,106.7111383,way,241200713
Chợ Đông Khê,20.8477498,106.7010318,way,241423930
chợ Sở Dầu,20.8712432,106.6532871,way,241457592
Chợ Phan Chu Trinh,12.6954249,108.0532954,way,241744966
Chợ Vạn Mỹ,20.8617714,106.7091102,way,241945210
Chợ Máy Chai,20.87299,106.7030989,way,241995370
Chợ Bính-Hoa Động,20.8889893,106.6652926,way,242013336
Chợ Nam Hải,20.8239791,106.7393894,way,242019500
Chợ Trung Tâm,12.6805026,108.0424651,way,242433854
Chợ Trung tâm Thành phố Buôn Ma Thuột,12.67944,108.0424603,way,242433857
Chợ Cái,20.9581434,105.9998101,way,243115931
Chợ (Không tên),21.0364197,105.8266546,way,244102704
Chợ Bún,20.9853782,105.9288916,way,244377898
Chợ Bằng A,20.9611682,105.821799,way,251612236
Chợ Bà Rịa,10.4917989,107.1701969,way,253054343
Chợ Long Hương,10.4994138,107.1620054,way,254751793
Chợ Kim Hải,10.5009747,107.1347784,way,254751803
Chợ Long Toàn,10.4941072,107.1965096,way,254754092
Chợ Phước Nguyên,10.5003,107.1813209,way,254754593
Chợ An Ngãi,10.4790564,107.2221719,way,258933211
Chợ An Nhứt,10.4874064,107.2479211,way,259046016
Chợ Chu Hải,10.499733,107.1195707,way,259067646
Chợ Phường 1,10.3501551,107.0755521,way,259528309
Chợ Bến Đá,10.3799779,107.0669699,way,259759825
Chợ Phước Hải,10.4186176,107.2863846,way,259914876
Chợ Phước Tỉnh,10.4057944,107.1872199,way,261438710
Chợ cá Cồn Chà,10.9199865,108.1001069,way,261715393
Chợ Tân Quy,10.7449265,106.7067222,way,262630557
Chợ Thị Nghè,10.7920425,106.707548,way,263311733
Chợ Tân Kiểng 2,10.7454228,106.7047774,way,263313887
Chợ Thủ Dầu Một,10.9773191,106.6512814,way,264294898
Chợ cá,10.9785747,106.6511853,way,264294900
Chợ Mỹ Tho,10.3572697,106.3678877,way,265244994
Chợ Xóm Mới,12.242817,109.1903773,way,266497124
Chợ Vòng Nhỏ,10.3519952,106.3551207,way,268014930
Chợ Cũ,10.3570611,106.3756537,way,268552685
Chợ Trảng Cát,10.6405458,107.0877034,way,270876381
Chợ Tóc Tiên,10.6002921,107.1251149,way,271395199
Chợ Châu Pha,10.5852846,107.1505849,way,276452851
Trung tâm Thương mại Huyện Châu Đức,10.6474584,107.2385892,way,284043225
Chợ Lộc An,10.456944,107.3276378,way,285163763
Chợ Đường Biên,11.0791047,106.1727015,way,285414704
Chợ Sơn Kỳ,10.8058848,106.6225827,way,285859684
Chợ số 3,21.532697,107.9705449,way,286780032
Chợ Togi,21.5323221,107.9718845,way,286780033
Chợ Trà Vinh,9.9354245,106.3431592,way,288574306
Chợ (Không tên),9.9320218,106.3443959,way,288574317
Chợ Trảng Bàng,11.0335203,106.3529355,way,289441753
Chợ Tháp Mười,10.5193969,105.8447137,way,289441754
Chợ Đông Hòa,10.8903238,106.7858479,way,291139291
Chợ Dĩ An,10.9071038,106.7700934,way,291180580
Chợ Nội Hóa,10.8991288,106.7919107,way,291493844
Chợ Tân Phú,10.8689715,106.8076192,way,291672229
Chợ Bà Chiểu,10.8016821,106.6988175,way,292075521
Chợ đầu mối Thủ Đức,10.8699654,106.7275743,way,292839313
Chợ (Không tên),10.8501209,106.7558111,way,293087657
Chợ Gò Vấp,10.8235049,106.6872202,way,299221928
Chợ Vĩnh Yên,21.3090026,105.5987098,way,301441357
Chợ Siêu Thị Đà Nẵng,16.0665136,108.2033416,way,303193771
Chợ Bình Long,11.6532903,106.6063498,way,304048152
Chợ Củ Chi,10.9699442,106.4821788,way,305302554
Chợ Hòa Bình,10.6263164,107.3733325,way,306004345
Chợ Tân Biên,11.5445673,106.0030719,way,307748440
Chợ Đồng Xoài,11.5356357,106.8975242,way,308426605
Chợ Sáng Suối Nghệ,10.5905189,107.210441,way,309274146
Chợ Cây Quéo,10.8094781,106.6848458,way,313539554
Chợ Phước Bình,10.8172086,106.7721339,way,314210189
Chợ Phú Lợi 2,10.7082488,106.6224266,way,315563039
Chợ Đống Đa,16.0815686,108.2172906,way,316236687
Chợ Thiếc,10.7598051,106.6567232,way,316633363
Chợ Từ Đức,10.8489437,106.7656481,way,317498945
Chợ (Không tên),17.0692064,107.0020737,way,319580707
Chợ Nguyễn Tri Phương,10.7644473,106.6637169,way,319782550
Chợ Trảng Bom,10.9551262,107.0144046,way,321136901
Chợ La Gi,10.6626861,107.7752574,way,321991605
Chợ Long Thành,10.7770924,106.9562343,way,322590412
Chợ Lái Thiêu,10.903128,106.6994992,way,322860994
Chợ Tân Uyên,11.0590435,106.7945895,way,323059521
Chợ (Không tên),11.0593746,106.7940453,way,323059538
Trung tâm Thương mại Kim Long,10.7042425,107.2445884,way,323616900
Chợ Phan Rí Cửa,11.173647,108.5672065,way,323745711
Chợ Hoa Hậu Giang,10.7495387,106.6384519,way,327192427
Chợ Minh Phụng,10.7507711,106.6428025,way,327192428
Chợ Đức Hòa,10.8188889,106.4535823,way,327354015
Chợ Thạnh Xuân,10.8800564,106.6781032,way,327443487
Chợ Hiệp Thành,10.8793363,106.6389503,way,327596582
Chợ Gò Dầu,11.0827137,106.2645746,way,334515097
Chợ Mộc Hóa,10.7793146,105.9355343,way,335039143
Chợ Bình Thạnh,11.0228101,106.2298181,way,337703871
Chợ,10.9297518,106.1653439,way,337710937
Chợ Tuyên Nhơn,10.6592453,106.1822868,way,338121730
Chợ Gia Nghĩa,12.0064005,107.6842299,way,339699365
Chợ Bến Cát,11.1515248,106.5894438,way,340041493
Chợ đầu mối phía Nam,20.9827123,105.8618544,way,344262457
Chợ (Không tên),10.8077369,106.7396518,way,345710710
Chợ Phú Thọ,10.7626601,106.6540696,way,358295779
Chợ (Không tên),14.4884565,109.0913113,way,361552774
Chợ Tam Quan,14.5475795,109.0418782,way,363116370
Chợ Hóc Môn,10.8889115,106.5962818,way,366069916
Chợ Tân Thới Nhì,10.8966909,106.5776098,way,366069917
Chợ Hóc Môn,10.8888853,106.5970211,way,366069924
Chợ Xuyên Mộc,10.5634777,107.423666,way,366645182
Chợ Thạnh Mỹ Lợi,10.7702578,106.7697558,way,366651481
Chợ Xóm Củi,10.7459362,106.661018,way,366664396
Chợ (Không tên),17.4672925,106.6037291,way,367260107
Chợ Hà Tĩnh,18.3380954,105.9045603,way,367547099
Chợ Gò Công Đông,10.3202917,106.7104931,way,367990280
Chợ Cần Đước,10.5042907,106.6040242,way,368246002
Chợ Rừng,20.9390372,106.7990497,way,368443587
Chợ Hội Đô,20.9339692,106.2954084,way,368449605
Chợ Thọ Xuân,21.5188153,107.9664127,way,368453522
Chợ Cẩm Thịnh,21.0072527,107.3444875,way,368602093
Chợ Tân Chính,16.069215,108.2066991,way,372172906
Chợ Tây Lộc,16.4733368,107.5672745,way,372292672
Chợ Bàu Cát,10.7915841,106.6420705,way,373726328
Dong Vui Square,10.9537968,108.2471704,way,403650223
Chợ Cẩm Lệ,16.0135663,108.2070723,way,406780032
Marketplace,11.3847834,107.5351998,way,407477638
Chợ đêm Da Lat,11.9418082,108.4370967,way,407704132
Chợ (Không tên),20.7246102,107.0500105,way,409744582
"Chợ Trái Cây, Rau Cải Đất Đỏ",10.4897538,107.2718325,way,410573801
Chợ Phước Thái,10.6791342,107.0284203,way,410990534
Chợ (Không tên),16.2699181,107.2338108,way,417006312
Chợ Hòa Hưng,10.7831905,106.6710848,way,418925063
Chợ Bình Tiên,10.7459406,106.6443656,way,419478164
Chợ Nhị Thiên Đường,10.7395075,106.657276,way,419720004
Chợ Phạm Thế Hiển,10.74323,106.6711226,way,420032375
Chợ Ba Đình,10.7482886,106.6684142,way,420287568
Chợ Rạch Cát,10.7133457,106.6256687,way,420287569
Chợ Nguyễn Chế Nghĩa,10.7426143,106.6540423,way,420287570
Chợ Tín Nghĩa,10.7499283,106.6564243,way,420287571
Chợ Tân Phú,10.7911484,106.6362486,way,421603551
Chợ Hoa Tươi Đầm Sen,10.7696954,106.642764,way,421970913
Chợ Phú Lạc,10.6906895,106.6537972,way,421977487
Chợ Kiến Đức 2,10.7288181,106.6198563,way,428539814
Chợ Tân Lập,16.0562799,108.2101736,way,429019192
An Thới,10.061679,105.7654217,way,442682076
Chợ Vạc,18.691034,105.5403843,way,446762237
Chợ Cầu Khuôn,18.8944956,105.356435,way,447033316
Chợ Hiệp Tân,10.7720249,106.6296991,way,456464084
Chợ Xanh,22.6667794,106.2614914,way,456752592
Chợ Tân Phú 2,10.7840146,106.625526,way,458857435
Chợ Kiến Đức,10.7535061,106.6139404,way,458865841
Chợ Bình Trị Đông,10.7635846,106.6125787,way,460200213
Chợ Tân Bửu,10.6854537,106.5391935,way,461374111
New Night Market,10.2171061,103.9607841,way,464532957
Chợ Vườn Chuối,10.7735273,106.6842638,way,465838943
Chợ (Không tên),12.6760948,109.2120344,way,469614611
Viglacera Community Market,21.0170588,105.9456344,way,479832688
Chợ Lớn Kon Tum,14.3491098,108.0030687,way,480675702
Chợ Đọ,21.1764188,106.0607721,way,480696609
Chợ Nhớn,21.1802282,106.0640951,way,480696757
Chợ Vẽ,21.0913579,105.7782495,way,487142233
Nhà lồng B,10.70141,106.6100964,way,489086378
Chợ đầu mối Bình Điền,10.7029112,106.6103055,way,489086379
Chợ Xuân Thới Thượng,10.8636061,106.5689509,way,494799480
Chợ Hòa Lợi,11.076869,106.6739563,way,497979530
Chợ Tân Bình,10.9398453,106.7652497,way,498042948
Chợ Búng,10.9458106,106.6906905,way,499420823
Chợ Thủ Đức,10.8502385,106.7541973,way,499426667
Chợ trung tâm Uông Bí,21.0347699,106.7696528,way,501034160
Chợ thuốc Quận 10,10.7806119,106.6667432,way,502252356
Chợ Bình Thới,10.7594191,106.6425361,way,502903942
Chợ Tân Hòa Đông,10.7599924,106.6272415,way,503015557
Chợ Bốn Xã mới,10.7731894,106.6207912,way,503015600
Chợ Linh Trung,10.8599715,106.7731619,way,503216454
Chợ Tam Bình,10.8703194,106.735563,way,503282437
Chợ (Không tên),21.0784834,105.7850883,way,503329943
Chợ (Không tên),10.6932286,106.5780324,way,504157838
Chợ Tăng Nhơn Phú,10.8443916,106.787967,way,507538764
Chợ An Dương Vương,10.7419252,106.6222988,way,508064676
Chợ Hồ Trọng Quý,10.7401689,106.6321336,way,508344637
Chợ Bà Hom,10.7533289,106.5909238,way,508741158
Nhà lồng F,10.7041036,106.6094152,way,509355580
Nhà lồng D,10.7027331,106.6097854,way,509355581
Chợ Bến Lức,10.6385059,106.4806245,way,511509064
Chợ Thuận Đạo,10.6255307,106.4879841,way,511509155
Chợ An Thạnh,10.6624206,106.4643929,way,511509163
Chợ Gò Đen,10.6386868,106.5376174,way,511509179
Chợ Tân Hương,10.7903428,106.6229108,way,511517485
Chợ Bình Long,10.7818929,106.6169046,way,512270770
Chợ Tân An,10.5380757,106.4139791,way,513005942
Ben Ngu Market,16.4552082,107.58394,way,513649271
Chợ Bình Chánh,10.665692,106.5717637,way,514174216
Chợ Quy Đức,10.6492182,106.6551734,way,514840634
Chợ Cầu Xáng,10.7909894,106.5154257,way,516091203
Chợ Trung Chánh,10.8603504,106.6099327,way,516639141
Chợ Tân Chánh Hiệp,10.8598516,106.6181902,way,516639176
Chợ Lê Hồng Phong,10.7643514,106.6767748,way,516932941
Chợ Bà Hoa,10.7916887,106.6474841,way,522958354
Chợ Phạm Văn Hai,10.7947735,106.6627004,way,523650557
Chợ Phó Bảng,23.2580103,105.184228,way,523736899
Chợ Gò Công,10.3605761,106.6724163,way,527480491
Chợ Cần Giuộc,10.6102483,106.6705053,way,528947998
Chợ Thủ Thừa,10.5980261,106.4053834,way,528948093
Chợ Tân Thạnh,10.6125032,106.0447837,way,529009491
Chợ (Không tên),10.6128285,106.044533,way,529009492
Chợ (Không tên),10.612252,106.0444887,way,529009493
Chợ (Không tên),10.6117836,106.0444662,way,529009494
Chợ (Không tên),10.6118384,106.0446937,way,529009495
Chợ (Không tên),10.6119029,106.0448952,way,529009496
Chợ (Không tên),10.6126952,106.0450806,way,529009497
Chợ Thảo Điền,10.8024021,106.7282374,way,529015846
Chợ Tân Hưng,10.8339057,105.6667552,way,529113090
Chợ Vĩnh Thạnh,10.8365491,105.7373909,way,529113181
Chợ Vĩnh Hưng,10.8866603,105.7875469,way,529113184
Chợ Bàu Sậy,10.8913341,105.780507,way,529113224
Chợ Na Sầm,22.0547175,106.6129763,way,529478752
Chợ Cột,21.0843286,106.5124015,way,529675499
Chợ Việt Kiều,10.9629796,106.5044684,way,530752929
Chợ Trà Cổ,10.9451478,106.9804951,way,530762599
Chợ Bà Điểm,10.8402679,106.6001016,way,531191859
Chợ (Không tên),10.605887,104.9450016,way,532487519
Chợ Tam Kỳ,15.5672237,108.4947619,way,532520411
Chợ Phú Xuân,10.7026776,106.7374723,way,532651473
Chợ Hòa Bình,10.6987184,106.8184117,way,532651489
Chợ Rạch Kiến,10.5816773,106.5894556,way,532651494
Chợ (Không tên),10.3430187,106.5798189,way,532651518
Chợ (Không tên),10.2562564,105.9726613,way,532651535
Chợ (Không tên),10.2571693,105.9725166,way,532651536
Chợ Phường 9,10.2592943,105.9427322,way,532896630
Chợ nhà lồng Cờ Đỏ,10.0939069,105.4310991,way,533736065
Chợ Dầu Tiếng,11.2737815,106.3573142,way,534060448
Chợ Biên giới Thông Bình,10.9519546,105.4985567,way,534266738
Chợ (Không tên),10.8081582,105.3428359,way,536846047
Chợ (Không tên),10.8066857,105.3448605,way,536846050
Chợ Mỹ Hòa,10.024378,105.8390492,way,538704184
Chợ Đông Bình,10.0445515,105.8353494,way,538704193
Chợ Nhà Hát,10.0677691,105.8216141,way,539952959
Chợ Tạm Đông Bình,10.0633378,105.8256664,way,539956497
Chợ lớn Phan Thiết,10.9260008,108.0968639,way,541543889
Chợ (Không tên),9.4191734,105.6920573,way,543224739
Chợ Thạnh Hoà,9.9222994,105.7214829,way,543431370
Chợ (Không tên),10.0222975,105.7710369,way,543459426
Chợ Mỹ Khánh,9.996491,105.7155776,way,543810249
Chợ Mũi Né,10.9357696,108.2868088,way,543900216
Chợ Vũng Liêm,10.0966101,106.1858212,way,544142369
Chợ (Không tên),13.1023566,109.3118647,way,544297679
Chợ Chí Thạnh,13.3065957,109.2129445,way,544336115
Chợ Nàng Hai,10.3138728,105.7458882,way,547001976
Chợ Thanh Mỹ,10.4070044,105.8583441,way,547006360
Chợ Rạch Ráng,9.0718874,104.9721932,way,547031270
Chợ Kinh Nước Mặn,10.4949976,106.6695057,way,547173849
Chợ Tân Tập,10.5344725,106.7012697,way,547173853
Chợ Nam Hòa,10.7830242,106.6601834,way,547931045
Chợ Nghĩa Hòa,10.7876762,106.6594484,way,548422803
Chợ Thanh Phú Long,10.4532338,106.517019,way,548501997
Chợ Tầm Vu,10.4479033,106.4672545,way,548502005
Chợ Trường Xuân,10.6569925,105.7832095,way,548671798
Chợ Bình Phong Thạnh,10.7294496,106.0573212,way,548926284
Chợ Cam Đường,22.4205215,104.0219551,way,548984559
Chợ Tân Trụ,10.5215914,106.5223056,way,548991005
Chợ Mè,21.397503,105.2234701,way,550244075
Chợ Tân Hiệp,10.7704733,106.1734478,way,552845099
Chợ Nhật Tảo,10.7651635,106.6698901,way,554668449
Chợ Liên xã Phước Hội - Long Mỹ,10.4513787,107.281183,way,564325031
Chợ Cẩm Phô,15.8788843,108.3217011,way,565581385
Song Cau Market,13.4512021,109.2205141,way,567057060
Chợ Gia Thụy,21.0517615,105.8875135,way,568394248
Chợ Long Tâm,10.5082478,107.18701,way,568980575
Chợ Hợp Nhất,21.0207714,105.7911515,way,570571437
Chợ Đồng Xa,21.0427159,105.7744891,way,570587788
Chợ Mường Khương,22.7593862,104.1277704,way,570841208
Chợ Phú Gia,21.0855009,105.8105261,way,573038806
Chợ Tân Lâm,10.7174224,107.4006365,way,573637001
Chợ Hòa Hội,10.6131545,107.4385878,way,574069769
Chợ Từ Sơn,21.1167611,105.9612733,way,576742681
Chợ Hòa Hưng,10.6581276,107.3814038,way,578512949
Chợ Trảng Dài,10.9834316,106.8605824,way,581237881
Chợ Đông Phú,15.6733138,108.2166079,way,584737035
Chợ Hiệp Bình Chánh,10.8308263,106.7290708,way,589929838
Chợ Bình Triệu,10.8300415,106.7146752,way,590218027
Chợ Phú Thủy 1,10.9344026,108.1125709,way,591693347
Chợ Phú Thủy 2,10.9343604,108.1119701,way,591693348
Local Morning Market,15.8850237,108.3297738,way,593636098
Chợ (Không tên),21.4474961,105.5262422,way,593673423
Chợ Hoà Long,10.5208832,107.20559,way,594236771
Chợ Văn Thánh,10.8018459,106.7208087,way,597466819
Chợ (Không tên),10.0389585,105.7544153,way,597850419
Chợ Bưng Riềng,10.5517582,107.4840506,way,598541907
Chợ Quảng Thành,10.698118,107.2766822,way,602131333
Chợ (Không tên),21.468406,104.3785524,way,603162919
Chợ Bình Châu,10.5552303,107.5487883,way,604645415
Chợ (Không tên),10.8202111,105.51453,way,605654364
Chợ Buôn Hồ,12.9169502,108.2632182,way,605872048
Chợ Đông Thành,10.9275074,106.7608264,way,606405879
Chợ Thống Nhất,10.9084902,106.7523532,way,607050052
Chợ Xóm Mới,10.9036963,106.7509472,way,607720756
Chợ Ka Long,21.5296162,107.9565833,way,610529587
Chợ số 2,21.5320246,107.9694104,way,610783752
Chợ cửa khẩu Bắc Phong Sinh,21.624298,107.7190047,way,611821750
Chợ Pò Hèn,21.6423464,107.7628586,way,611821770
Chợ Long Sơn,10.4564887,107.0977789,way,614449928
Chợ Long Sơn,10.4549956,107.0968307,way,614449965
Chợ Mới phường 11,10.4111312,107.1332303,way,616272250
Chợ (Không tên),18.4576049,105.3017566,way,617241975
Chợ An Hội,10.8417385,106.644638,way,618460792
Chợ Tây Giang,15.8886472,107.4915252,way,622734446
Chợ P'Rao,15.9203548,107.6500578,way,624211479
Chợ Thạnh Mỹ,15.7546183,107.8355084,way,624371139
Chợ Cẩm Thủy,21.0093951,107.263058,way,625066593
Chợ Bình Giang,21.1111001,106.3329608,way,625869627
Chợ Thành Phao,21.1155583,106.3143807,way,625869635
Chợ Trại Sen,21.1049484,106.3534404,way,625966515
Chợ Tuy Hòa,13.0875933,109.308358,way,626980145
Chợ Mỹ Phước II,11.1301967,106.6131641,way,627779310
Chợ Gọp,20.9125517,106.3685245,way,628286992
Market,17.8746197,106.4481691,way,631301697
Chợ Trường An,16.443279,107.584818,way,631871431
Chợi Lịm,20.7328191,105.913993,way,633559431
Chợ Bồng Sơn,14.434181,109.0161387,way,637549023
Chợ Kon Tum,14.3491303,108.0030721,way,637964710
Chợ Sơn Đồng,21.0476717,105.7035727,way,645296158
Chợ Phù Khê Thượng,21.1467514,105.9320416,way,646860252
Chợ Mai Động,21.1542366,105.9450916,way,647253455
Chợ Viềng,21.1289171,105.980146,way,647396968
Chợ Cột Đỏ,19.7350853,105.8924733,way,647777935
Chợ Bắc Sơn,19.741995,105.8954065,way,647777936
Chợ Đình,21.1377217,105.9410642,way,650062691
Chợ Yên Duyên,20.9676776,105.8708697,way,650440567
Market,19.1419139,105.627554,way,652145202
Chợ (Không tên),22.4676876,103.1984806,way,653771963
Trung tâm Thương mại Đăk Glong,11.8985025,107.8101012,way,656501350
Chợ Mường Chà,21.7589501,103.0929091,way,656700918
Chợ Tân Tiến,11.4250813,106.8562151,way,657897347
Chợ Đồng Phú,11.4460427,106.8699407,way,657897372
Chợ Dầu Giây,10.9442656,107.1387959,way,658723789
Chợ Long Khánh,10.9376867,107.2412221,way,659079760
Chợ Bình Minh,10.0672019,105.822355,way,659304527
Chợ Cái Vồn,10.0655451,105.822719,way,659304532
Chợ Vân,21.0867681,105.919518,way,659860833
Chợ Nành,21.0788666,105.9475208,way,659915520
Chợ Lã Côi,21.0975157,105.9201939,way,660703617
Chợ Dốc Lã,21.0960443,105.9289634,way,660703679
Chợ Đầu Mối Quy Mông,21.098461,105.931252,way,660703726
Chợ Yên Thường,21.0985124,105.9175627,way,661138415
Chợ Me,21.1550983,105.9286885,way,661161579
Chợ Đa Hội,21.1224102,105.9204199,way,661161636
Chợ Ông Nguyên,21.0962282,105.9835169,way,661451818
Chợ Kim Tân,22.4746678,103.9739784,way,661734154
Chợ Thường Thới Tiền,10.8219883,105.2834831,way,662621232
Chợ Bình Phú,10.9144854,105.4297849,way,663150660
Chợ Tân Hồng,10.8814156,105.4516593,way,663150711
Chợ Thị trấn Bến Cầu,11.1086385,106.1808001,way,663777716
Chợ Tây Ninh,11.3114114,106.0883674,way,663797825
Chợ Ninh Sơn,11.3376109,106.1165651,way,664624486
Chợ Bình Phong,11.3141212,106.0667941,way,664826922
Chợ Cao Xá,11.3112163,106.0227944,way,665312389
Chợ Thanh Điền,11.2843873,106.0728304,way,665576463
Chợ Long Hoa,11.2831372,106.1297234,way,665852194
Chợ Thương Binh,11.3073721,106.1265698,way,666101150
Chợ Long Bình,11.2430147,106.1321756,way,666101152
Chợ Long Yên,11.2513082,106.1208483,way,666101188
Chợ Bàu Năng,11.3098989,106.1530785,way,666229998
Chợ Quy Thiện,11.2725149,106.1574343,way,666291312
Chợ Long Hải,11.2588531,106.1403844,way,666291363
Chợ Thạnh Đông,11.4154942,106.173473,way,666407582
Chợ Phước Minh,11.3184977,106.3196124,way,666455809
Chợ Phước Ninh,11.3363242,106.2522192,way,666455937
Chợ Dương Minh Châu,11.3833984,106.2295995,way,666456122
Chợ Hòa Hiệp,10.6895927,107.5027697,way,666462075
Chợ Thắng Hải,10.5906349,107.5833932,way,666615495
Chợ Tân Thắng,10.6104173,107.6339545,way,666647452
Chợ Kà Tum,11.6699966,106.2179071,way,666659053
Chợ Mỹ Xuyên,9.5602838,105.9897012,way,667222033
Chợ Nông Hải Sản Rạch Giá,10.0197485,105.0799869,way,667758326
Chợ Tài Văn,9.5419261,106.0240175,way,667871371
Chợ Đại Tâm,9.5449461,105.9331658,way,667873024
Chợ Khánh Hùng,9.6062914,105.9631398,way,668869859
Chợ Phường 2,9.5966024,105.9689152,way,668869875
Chợ Tân Thạnh,9.6224036,106.0376687,way,669124907
Chợ Thị trấn Thanh Bình,11.9578299,106.796953,way,669256050
Chợ Bù Đốp,11.9848644,106.8029277,way,669256082
Chợ Mới thị trấn Lịch Hội Thượng,9.4761507,106.1484861,way,669312938
Chợ Lịch Hội Thượng,9.4776504,106.1474904,way,669312951
Chợ Kênh Ba,9.5225534,106.1915493,way,669499369
Chợ Tân Hưng (Chợ Ông Địa),10.7791176,106.6526593,way,669633561
Chợ Đất Mũi,8.6000734,104.756354,way,669955504
Chợ Ngã Năm,9.5641351,105.5967512,way,671242040
Chợ Vĩnh Biên,9.5288768,105.5595421,way,671545805
Chợ Long Phước,10.5275807,107.2260838,way,672013899
Chợ (Không tên),21.9509444,106.6972828,way,672856387
Chợ Mỹ Bình,10.3875445,105.4346589,way,672987323
Chợ Cao Thắng,20.9639619,107.0981302,way,673593445
Chợ Sa Tô,20.9682109,107.0821845,way,673890818
Chợ Hồng Hà,20.947675,107.1296194,way,674061983
Chợ Cái Dăm,20.955726,107.0226526,way,674641659
Chợ Hà Tu,20.9595861,107.1537171,way,675568320
Chợ (Không tên),10.7495201,106.6516723,way,675640303
Chợ (Không tên),10.7492651,106.6504246,way,675640304
Chợ Trần Văn Quang,10.7786713,106.6469095,way,675640312
Chợ Bình Trị Đông B,10.738334,106.6051369,way,675758920
Chợ Ngõ Chùa,20.9449178,105.873711,way,675940105
Chợ đầu mối rau quả thực phẩm Đông Hương,19.7991629,105.7923588,way,675946667
Chợ Hà Phong,20.9670645,107.15965,way,675996054
Chợ Hà Trung,20.9560958,107.1252997,way,676252284
Chợ Hạ Long 3,20.9441282,107.1086543,way,676780271
Chợ Hà Khẩu,20.9804166,106.9981724,way,676796150
Chợ Trới,21.0229463,106.9884769,way,677419395
Chợ Triệu Hải,11.5206415,107.5333319,way,677610894
Chợ ĐạTẻh,11.504667,107.4865346,way,677618842
Chợ Minh Thành,21.0037525,106.8580236,way,678143564
Chợ Km10 Quang Hanh,20.9968109,107.2099319,way,678387920
Chợ Suối Khoáng,20.9852474,107.1950888,way,678388004
Chợ Cẩm Thạch,21.0104223,107.256404,way,678843360
Chợ (Không tên),21.0058026,107.2480708,way,678843430
Chợ Cẩm Bình,21.0089307,107.287721,way,679438381
Chợ Ba Tầng,21.0124662,107.2791479,way,679438525
Chợ Địa Chất,21.0131729,107.2797346,way,679438532
Chợ Cẩm Phú,21.0082722,107.3323159,way,680646193
Chợ Vĩnh Châu,9.3256465,105.9816464,way,680884806
Chợ Tam Nông,10.6722569,105.5606131,way,680968895
Chợ Vĩnh Phước,9.3134246,105.933768,way,682095555
Chợ Long Kiểng,10.7530496,106.7052273,way,682250553
Trung tâm Thương Mại Rạch Giá,10.0180092,105.0814786,way,684391497
Chợ Vĩnh Bảo,10.0063048,105.0892127,way,685081264
Chợ Bắc Sơn,10.0002604,105.0930905,way,685081279
Chợ mới Yên Lã,21.1153481,105.9726116,way,685172229
Chợ Định Bình,14.0986085,108.7855067,way,685445780
Chợ Rạch Sỏi,9.9558234,105.1201936,way,685665006
Chợ Mong Thọ,10.0229633,105.1932603,way,685844908
Chợ Bách Hóa Giồng Riềng,9.908183,105.3134769,way,685855068
Chợ Tân Châu,11.5526283,106.1625375,way,686127704
Chợ Minh Lương,9.905256,105.1601428,way,686129775
Chợ Sao Mai,10.1176139,105.2896083,way,686288595
Chợ Nông sản Kênh 5,10.0532534,105.2220906,way,686293544
Chợ Rạch Giá,10.0193773,105.0805935,way,686296018
Chợ Hạ Long,21.0812929,107.4378656,way,686444566
Chợ Mộc Bài,14.3683147,108.9682952,way,686513836
Chợ Giồng Miễu,9.9492604,106.5183642,way,686633646
Chợ Tân Phúc,10.8338345,107.6642504,way,688156939
Chợ Tân Minh,10.8433409,107.633005,way,688157092
Chợ Tân Hà,10.7647845,107.7115602,way,688412127
Chợ Tân Nghĩa,10.7985897,107.7219229,way,688412257
Chợ Bãi Giá,9.4983515,106.2027294,way,688635156
Chợ An Thổ,14.8772256,108.9585672,way,688937897
Chợ Bình Đông,10.7385187,106.6431372,way,689167876
Chợ Liên Hiệp,11.765284,108.3706717,way,689306208
Chợ (Không tên),10.4522887,105.6562471,way,689419703
Chợ Đất Sét,10.404765,105.6057391,way,689419705
Chợ Mương Điều,10.3787706,105.7067947,way,689419717
Chợ Nha Mân,10.2697317,105.8290179,way,689419723
Trung tâm Thương mại Phước Long,11.8407944,106.9952146,way,689473017
Chợ Phước Bình,11.816862,106.9548647,way,689652470
Chợ Liên Nghĩa,11.7292652,108.3739916,way,690220825
Trung tâm Thương mại Phú Riềng,11.658929,106.9010007,way,690729319
Trung tâm Thương mại Bù Nho,11.7335408,106.8717789,way,690894288
Chợ Nậm Cản,22.0217527,103.1538916,way,692422183
Chợ Đồi Cao,22.0694028,103.1578134,way,692422397
Chợ Trung tâm Thị xã Mường Lay,22.0239128,103.1578687,way,692586170
Chợ Trung tâm Thị trấn Nậm Nhùn,22.1504845,103.0093031,way,692762673
Chợ Cây Xoài,10.7774416,106.7664433,way,693649725
Chợ Phú Lợi,10.7239423,106.63546,way,694928279
Chợ Xép Thuận Lộc,16.4779716,107.5825648,way,695810689
Chợ Mỹ Chánh,10.1166851,106.5840927,way,696791414
Chợ đêm Cần Thơ,10.0322571,105.7873961,way,696794568
Chợ Hòa Đình,21.1717827,106.0524626,way,697005490
VinMart+,16.061811,108.2168181,way,698046892
Chợ Cống Vị,21.037261,105.8144196,way,698273221
Chợ Bo,20.4528837,106.3389423,way,698970273
Chợ Cổ Nhuế,21.0607478,105.7809068,way,699065704
Chợ Thôn Trù,21.0656934,105.7798463,way,699218395
Chợ (Không tên),21.0657055,105.7798403,way,699218397
Chợ Tam Đa,21.0430985,105.8189366,way,699905182
Chợ Cầu Đông,21.0379366,105.8503712,way,700627459
Chợ Châu Long,21.0439068,105.841917,way,700671941
Chợ Ngô Sĩ Liên,21.0270923,105.8392143,way,702456227
Market,20.7356677,106.1768886,way,704142058
Chợ Gia Lâm,21.0469542,105.8754879,way,704159180
Chợ Ngọc Lâm,21.0436664,105.8649337,way,704159193
Chợ Bồ Đề,21.0338268,105.8701895,way,704250708
Chợ Ngọc Thuỵ,21.0556313,105.867257,way,704292524
Chợ Gia Quất,21.0536735,105.8784702,way,704292579
Chợ (Không tên),10.6052854,104.9467154,way,704939046
Chợ Lai Châu,22.3998416,103.4558884,way,705445518
Chợ Trung tâm Thương mại,22.3830754,103.4712733,way,705675076
Chợ Đông Phong,22.3830189,103.4882371,way,705956769
Trường Mầm non Đoàn Kết,22.3956998,103.4590271,way,705960772
Chợ Nậm Loỏng,22.4049292,103.4332041,way,705986988
Market,9.0258121,105.4196999,way,706212307
Chợ San Thàng,22.3934797,103.5013229,way,712584152
Chợ Than Uyên,21.9501117,103.8835892,way,713387724
Chợ Tam Đường,22.3203673,103.6248506,way,713668277
Chợ (Không tên),10.7629238,106.6540533,way,715470255
Chợ (Không tên),10.7634268,106.6532571,way,715531292
Chợ Đầu Mối Nông Sản Thực Phẩm Dầu Giây,10.9490481,107.1414239,way,717560101
Chợ (Không tên),21.8513239,106.7612496,way,717905014
Chợ (Không tên),21.8545465,106.7572939,way,718126638
Chợ (Không tên),21.851327,106.7592304,way,718126661
Chợ (Không tên),21.8453633,106.7568742,way,718394398
Chợ (Không tên),21.7620051,106.9193104,way,722915916
Chợ Bàn Cờ,10.768574,106.6804115,way,722916691
Chợ Bàn Cờ,10.7688569,106.6800736,way,722916692
Chợ Cẩm Mỹ,10.8162115,107.2305443,way,726864833
Chợ Hoàng Quân,10.7841176,107.2221717,way,727012689
Chợ Nhân Nghĩa,10.8371087,107.2362091,way,727099349
Chợ Đức Hiệp,10.7263808,107.2389945,way,727261604
Chợ Bình Ba,10.613087,107.2343228,way,728723436
Chợ Nghĩa Thành,10.5779142,107.2069722,way,729092287
Chợ Bình Giã,10.6485456,107.2719423,way,729447581
Chợ Bình Trung,10.6474156,107.2893852,way,730209832
Chợ Xuân Sơn,10.6430272,107.3156159,way,730689924
Chợ Sơn Bình,10.6462227,107.3297665,way,730792903
Chợ Long Tân,10.5375043,107.270077,way,732112645
Market,20.6466869,106.4248711,way,733013004
Market,20.5952182,106.6080013,way,737036654
Chợ Láng Dài,10.5157334,107.3475717,way,737864975
Market,11.755532,108.529847,way,738588188
Market,9.7299172,106.0739243,way,739662430
Market,18.7893387,105.3343498,way,742695182
Chợ Cây Điệp,10.5634498,107.3819308,way,744254997
Market,21.2161714,106.7627886,way,744643894
Market,20.7948821,106.3449713,way,746182759
Chợ Tân Hòa,10.518785,107.0879039,way,746366668
Chợ Tân Thành,10.5888552,107.057079,way,746366823
Chợ Mỹ Thạnh,10.6086045,107.0574476,way,746634979
Chợ Sông Xoài,10.6658422,107.149227,way,747273566
Chợ Phúc Yên,21.2394703,105.7044753,way,747941662
Chợ (Không tên),20.3234485,105.7481171,way,748613435
Chợ Bông Trang,10.5519626,107.4547361,way,748986247
Chợ nông sản Hóc Môn,10.8595847,106.6013207,way,750613377
Chợ Côn Đảo,8.6860696,106.6093667,way,751056628
An Tây,11.088757,106.5478615,way,753470500
Chợ Cần Giờ,10.4173755,106.9717701,way,754264565
"Chợ Xanh, Định Công",20.9848281,105.8338254,way,755113658
Chợ Bà Lê,15.8833418,108.34901,way,755306110
Chợ Kim Giang,20.9827126,105.8151733,way,755377951
Chợ Đồng Hòa,10.3791002,106.8791504,way,757223929
Chợ Kênh Đào,20.7541757,105.6978241,way,762785874
Chợ Tương Bình Hiệp,11.0054197,106.6306613,way,763325649
Chợ Hồng Sơn,20.7278841,105.7068825,way,766661866
Chợ Lai,20.7263232,105.7286668,way,766661970
Chợ Xuy Xá,20.7212325,105.7341358,way,766662002
Chợ Hương Sơn,20.613771,105.786491,way,768420549
Chợ Tế Tiêu,20.6851423,105.7414878,way,768696755
Chợ Văn Phú,20.8469095,105.6293384,way,769918654
Chợ Bâm,21.5462548,105.4748178,way,772902345
Chợ (Không tên),12.2542136,109.1916822,way,776829665
Chợ (Không tên),12.2549323,109.1909205,way,776829666
Chợ (Không tên),12.2553603,109.1916514,way,776829667
Chợ An Hải Đông,16.0564476,108.2388657,way,780466790
Chợ Mường Nhé,22.1907752,102.4599793,way,785085823
Chợ Phước Thành,10.4127279,107.1376714,way,788929861
Chợ Phường 9,10.3729378,107.0862756,way,790384308
Chợ Thắng Nhất,10.3917077,107.1015138,way,790787255
Chợ Mộc Bài,15.7968588,108.3124565,way,791093474
Chợ Phượng,20.9489781,105.7060491,way,792416732
Chợ Phước Lâm,10.4149159,107.2046244,way,793093023
Chợ Bình Minh,15.7748595,108.4220792,way,793093676
Chợ Hải sản du lịch Phước Lâm,10.4159516,107.2093971,way,793093852
Chợ Bình Trưng,10.7889551,106.7556147,way,806654929
Chợ Cháy,10.7647807,106.6978818,way,807297549
Chợ Chí Hòa,10.782554,106.6713098,way,826183551
Chợ mới Bàu Cạn,10.7237877,107.0514654,way,827417694
Chợ cũ Bàu Cạn,10.7259975,107.0517899,way,827417695
Chợ Tân Hưng,10.5288306,107.1708141,way,833880768
Chợ Kon Plông,14.60449,108.2873397,way,836135453
Chợ Cần Giờ,10.3827195,106.8833604,way,837884946
Chợ Ngã Tư Sở,21.0026637,105.8183919,way,840803809
Chợ Kim Liên,21.0060492,105.8355452,way,840867180
Chợ Năm Tầng,20.2494843,105.9842316,way,841600024
Chợ (Không tên),12.6907,108.1075488,way,842121031
Chợ đầu mối Tân Hoà,12.6903978,108.1056377,way,842121032
Chợ Cống,20.9236833,105.6912836,way,842611509
Chợ Hòa Lạc,10.3328435,105.5094459,way,845599886
Chợ Cả Sách,10.8886715,105.2724908,way,852595441
Chợ Tứ Thường,10.8705535,105.2128505,way,852595471
Chợ Thường Phước,10.9057368,105.2013042,way,852595491
Chợ Hà Giang,22.8325124,104.9859919,way,853096727
Chợ Cầu Trắng,22.8204254,104.9820109,way,853226259
Chợ Phương Thiện,22.800013,104.9773868,way,853242788
Chợ Ngọc Hà,22.8379909,105.0127342,way,853273540
Chợ Đồng Văn,23.2768734,105.3609044,way,853584056
Chợ Lũng Cú,23.3610132,105.3175679,way,853689868
Chợ (Không tên),9.8116059,105.8199786,way,853764373
Chợ Sà Phìn,23.2554506,105.2620958,way,855231835
Chợ Duyên Hải,9.6316747,106.4930226,way,856441690
Chợ Đồng Trúc,20.9966163,105.5729977,way,856836407
Chợ Phố Cáo,23.1904718,105.1954718,way,862564491
Chợ Khe Sanh,16.6291418,106.7410263,way,866330407
Chợ Nghĩa Lộ,15.1126529,108.7955989,way,867581692
Chợ Trung tâm thị xã Thuận Thành,21.0588955,106.0893096,way,875944797
Chợ Nghĩa Tân,21.0451778,105.7942037,way,880260998
Chợ (Không tên),18.0659859,106.3053906,way,881451064
Chợ Thượng Đình,20.9982747,105.8122974,way,885744701
Chợ Chùa Hang,21.6254383,105.8453283,way,886412906
Chợ Sông Cầu,21.6773809,105.8557096,way,888023605
Chợ Khương Thượng,21.0055499,105.8313907,way,888367936
Chợ Núi Voi,21.6320835,105.8334232,way,888768393
Chợ Thái,21.5995204,105.843869,way,888793525
Chợ Trại Cài,21.7003925,105.8078892,way,890588949
Chợ Thạnh An,10.4701046,106.974924,way,895209254
Chợ,21.0809554,105.7728812,way,897568869
Chợ 8-3,20.9991155,105.8612738,way,899388714
Chợ (Không tên),21.0740265,105.776289,way,901510761
Chợ quê Đền Hùng,21.367073,105.314087,way,904428687
Chợ Vân Đình,20.7259057,105.7721922,way,916528072
Chợ Cửa Trường,20.4205109,106.1763845,way,916899183
Chợ Khu 8,20.4442197,106.1835846,way,916901952
Chợ Rồng,20.4284555,106.1732442,way,917220015
Bàn tròn,20.4368415,106.1868563,way,917303372
Chợ Bắc Kạn,22.148544,105.8323491,way,920925176
Chợ Phan Thiết,21.823571,105.2028876,way,920933929
Chợ Nghệ,21.1372462,105.5063075,way,921987261
Chợ Cái Sơn,10.2445423,105.6065289,way,922811913
Chợ Long Biên,21.0414139,105.8510447,way,930229621
Chợ Hà Đông,20.9698536,105.7797034,way,939812622
Chợ Thái Hà,21.0139879,105.8227268,way,943911446
Chợ Kim Giang,20.9838997,105.8144684,way,957452577
Chợ Cua,10.2370903,105.9893239,way,962628993
Chợ Cầu Kim,21.1957588,106.0863313,way,962694199
Chợ Đáp Cầu,21.2014672,106.09719,way,964407361
Chợ Vũ Ninh,21.1894868,106.0763508,way,964410891
Chợ Trung Hoà,21.0113926,105.7986059,way,965816709
Chợ (Không tên),13.8513149,109.0979298,way,965878401
Chợ Trung Kính,21.0132259,105.7992969,way,965945328
Vitalmart,21.0115878,105.7962031,way,966146652
Chợ làng Miêu Nha,21.0156765,105.7377647,way,967022598
Chợ Phan Chu Trinh,11.9471271,108.4629427,way,971577581
Chợ Công Đoàn,17.4705242,106.5923231,way,974512826
Chợ Đồng Sơn,17.4493888,106.5780525,way,974512837
Chợ Hiến Nam,20.664424,106.0607745,way,974940948
Chợ Đức Ninh,17.4456449,106.6154844,way,975257966
Chợ Đồng Mỹ,17.4782582,106.6239413,way,975348818
Chợ Tân Hiệp,10.9629047,106.8557637,way,976033138
Chợ Hóa An,10.9355325,106.8042842,way,978014758
Chợ Phú Yên,20.9357912,106.3279545,way,978526001
Chợ Đầu,20.6801671,106.0786442,way,978607746
Chợ Tân Bình,10.9997289,106.8094463,way,979951527
Chợ Hiệp Hòa,10.9308165,106.832293,way,981945671
Chợ Làng Hà,19.646812,105.7873978,way,986291623
Chợ Nam Lý,17.4672094,106.6038052,way,994105233
Chợ Bắc Lý,17.4816258,106.5996931,way,994105234
Chợ Đồng Phú,17.4696209,106.6169968,way,994105235
Chợ Tân Biên,10.9670951,106.8895189,way,997718587
Chợ Ngàng,20.7425402,106.0609315,way,998685061
Chợ Dốc Lã,20.7049751,106.0551676,way,1002473836
Chợ Tân Mai,10.9546965,106.8514052,way,1004634378
Chợ (Không tên),20.9007712,105.7175372,way,1009721987
Chợ (Không tên),20.9191335,105.7030128,way,1010822773
Chợ (Không tên),20.9189587,105.7029027,way,1010822774
Chợ (Không tên),20.919016,105.7030047,way,1010822775
Chợ Ngũ Phụng,10.5270869,108.9341604,way,1015396437
Chợ Long Bình Tân,10.9035578,106.8506978,way,1019360367
Chợ Phủ Lý,20.5470155,105.9158615,way,1019379166
Chợ Tân Tiến,10.9644102,106.8491845,way,1023293030
Chợ Sóc Sơn,21.2568129,105.8527148,way,1024232159
Chợ Bửu Hoà,10.9293858,106.8207143,way,1027605710
Chợ Tam Hiệp,10.9461134,106.8570809,way,1029177939
TTTM Ba Hòn,10.2506671,104.5944897,way,1030168646
Chợ trung tâm phường Phố Mới,21.1521197,106.1500516,way,1037115140
Chợ Bửu Long,10.9559255,106.8064595,way,1037331350
Chợ Thạnh Trị,10.3635868,106.3604443,way,1039486471
Chợ Biên Hòa,10.9462789,106.8154647,way,1039825148
Chợ Xã Tây,10.7530387,106.6628451,way,1040796389
Chợ Kim Lũ,20.9780868,105.8207887,way,1044297775
Chợ Tân Mai 2,10.8751235,106.9104289,way,1046865531
Chợ Hương Phước,10.8871388,106.8995009,way,1046865541
Nhà lồng T,10.7051,106.6101001,way,1049895478
Nhà lồng A,10.703861,106.6071133,way,1049895485
Chợ (Không tên),18.9044853,105.3119672,way,1055355763
Chợ Cuối,20.8682149,106.3010001,way,1056229081
Chợ An Bình,10.9281014,106.8543667,way,1056371310
Nhà lồng H,10.703199,106.6117288,way,1056543478
Nhà lồng K,10.704851,106.6112684,way,1056543479
Chợ Chi Lăng,10.5309993,105.0271876,way,1056582867
Chợ Quảng Xương,19.7295904,105.7828421,way,1057862530
Chợ Tân Ba,10.9755983,106.7652399,way,1060402841
Chợ Bạc Liêu,9.2858182,105.7258412,way,1061658121
"Chợ Nông sản, Thực phẩm",9.2865316,105.7269121,way,1061658122
Chợ Công nghệ phẩm,9.2868276,105.7275322,way,1061658123
Chợ Bách hoá Cà Mau,9.1765238,105.147201,way,1061936323
Chợ Phủ Quốc Oai,20.99262,105.6423256,way,1062770997
Chợ Linh Lang,21.0342446,105.8103342,way,1063191459
Chợ Còng,19.4509523,105.7799493,way,1063996369
Chợ Mã Đà,11.1087366,107.0554931,way,1065375350
Chợ Đông Hưng,20.5516849,106.3550752,way,1068725000
Chợ Thanh Bình,20.9339806,106.30465,way,1070111630
Chợ Hà Vị,21.2865252,106.1971366,way,1072489193
Chợ Vũ Xuân Thiều,21.0309369,105.9154165,way,1074490447
Chợ Mân Thái,16.0856523,108.2433677,way,1076716232
Chợ Khuê Mỹ,16.0249934,108.2482473,way,1076716243
Chợ Bỉm Sơn,20.0824939,105.8578864,way,1078365722
Chợ Sông Bằng,22.6640911,106.2601522,way,1079049764
Chợ Ẩm thực Cao Bằng,22.6647929,106.2604075,way,1079049765
Chợ đầu mối nông sản Hải Dương,20.8906828,106.2999411,way,1079489835
Chợ Quy Lưu,20.5413799,105.9217331,way,1079654555
Chợ Mỹ Tho,20.4297733,106.1720962,way,1080877307
Chợ (Không tên),11.6003475,109.0377639,way,1084150583
Chợ Túc Duyên,21.6001649,105.8477558,way,1084250538
Chợ Nhị Bình,10.9108084,106.6837212,way,1084373316
Chợ Ngã Ba Bầu,10.8701702,106.6154551,way,1084373320
Chợ Đức Xuân,22.1436032,105.8368543,way,1088466644
Chợ Tân Phú,11.2665307,107.4258904,way,1088732722
Chợ (Không tên),11.2663209,107.4255226,way,1088732723
Chợ Định Quán,11.19618,107.3505421,way,1088732731
Chợ mới Phú Vinh,11.2092782,107.359632,way,1088732733
Chợ Ngã ba Gia Canh,11.1999148,107.3580521,way,1088732736
Chợ Mía,21.1618804,105.4684307,way,1089984776
Chợ Phú Diễn,21.0516313,105.7581463,way,1090377184
Chợ Tân Phong,10.9638365,106.8378273,way,1093485860
Chợ Long Thới,10.2486331,106.1689914,way,1093747877
Chợ Cái Gà,10.2334157,106.1846237,way,1093747887
Chợ Lương Văn Can,20.8603344,106.6934181,way,1098104363
Chợ Cây Sung,14.9497513,108.9116068,way,1102749956
Chợ cũ Long Thành,10.7842643,106.9507094,way,1103837931
Chợ Hiếu Liêm,11.1144042,106.9661072,way,1103857445
Chợ Con,20.9397119,106.3363483,way,1105112851
Chợ Vinh,18.6630189,105.6738271,way,1107968182
Chợ Đầu mối nông sản Vinh,18.6630925,105.6718758,way,1107968183
Chợ Lộc Đại,17.493711,106.5936291,way,1110315186
Chợ thôn Tân Định,17.3744947,106.7213799,way,1114773652
Chợ Xuân Hải,17.3634131,106.7337586,way,1114773656
Chợ Ngọc Thụy 2,21.0611998,105.872203,way,1114925845
Chợ Thượng Thanh,21.0696863,105.8906461,way,1114927597
chợ,21.0600602,105.7787019,way,1115557681
cửa hàng tiện lợi xuân spest,21.0608886,105.7780145,way,1115559899
thức ăn chăn nuôi,21.0601264,105.7784167,way,1115561574
Chợ Nhà Xanh,21.0378844,105.7860583,way,1116246887
Chợ (Không tên),20.9120393,105.6174702,way,1117395471
Chợ (Không tên),20.2177863,105.9535969,way,1117509983
Chợ (Không tên),21.0168007,105.7221448,way,1117758768
Chợ (Không tên),21.0161631,105.7221119,way,1117758769
Chợ Vàng,21.0317097,105.9421053,way,1122930513
Chợ Tân Trụ,10.8188508,106.6346129,way,1125792005
Chợ Hòa Bình,20.6553197,106.5498185,way,1130756837
Chợ Chùa Hữu Định,10.2589142,106.4254136,way,1134509964
Chợ Cầu Bà Mụ ( Chợ Lạc Hồng ),10.2442538,106.3792371,way,1134518957
Chợ Tú Điền,10.259415,106.3841154,way,1134519321
Chợ Hữu Định,10.2705423,106.3865688,way,1134520252
Chợ Lộc Sơn,10.3014491,106.390684,way,1134551669
Chợ Biển Gò Công,10.2911803,106.7789718,way,1138058259
Chợ sinh viên,21.0057177,105.9352389,way,1153847221
Chợ Cần Đăng mới,10.4592873,105.297528,way,1153950423
Chợ (Không tên),10.4586908,105.2970582,way,1153950424
Chợ Mỹ Đức,10.6599147,105.1881556,way,1154060753
Chợ (Không tên),10.6593923,105.187358,way,1154060754
Chợ Mỹ Hội Đông,10.540558,105.3307804,way,1154310967
Chợ Vàm Cống,10.3457012,105.4946931,way,1154321438
Chợ Tứ Hiệp,20.9423066,105.8508382,way,1157172138
Chợ Tân Trụ,10.5130519,106.5091381,way,1158211549
Chợ Vĩnh Nguơn,10.7191035,105.1104603,way,1159104277
Chợ Châu Phú,10.5859292,105.2313155,way,1159104296
Chợ (Không tên),10.5861949,105.2317006,way,1159104297
Chợ Cống Đồn,10.6738745,105.068745,way,1159104323
Chợ (Không tên),10.6187782,105.0010843,way,1159104340
Chợ (Không tên),10.6184328,105.001368,way,1159104342
Chợ (Không tên),10.6181657,105.0015829,way,1159104343
Chợ (Không tên),10.6179865,105.0017316,way,1159104345
Chợ Văn Giáo,10.5777291,105.0103822,way,1159194089
Chợ (Không tên),10.6104793,106.6710571,way,1159206319
Trung tâm Thương mại Mỹ Luông,10.5085317,105.4896792,way,1159707856
Chợ Thủ,10.5372758,105.4624486,way,1159707860
Trung tâm Thương mại Phú Mỹ,10.5855537,105.3569504,way,1159707902
Chợ cá TTTM Phú Mỹ,10.5857705,105.3577256,way,1159707903
Chợ Tấn Lợi,10.5161338,105.4918214,way,1160002131
Chợ Tấn Mỹ,10.5010413,105.5020611,way,1160002137
Chợ Cái Tàu Thượng,10.4342174,105.5503281,way,1160002149
Chợ (Không tên),10.434014,105.5498786,way,1160002150
Chợ (Không tên),10.4338307,105.5500381,way,1160002151
Chợ (Không tên),10.4551028,105.5528585,way,1160002155
Chợ Tân Thuận Tây,10.4650564,105.5878408,way,1160002158
Chợ (Không tên),10.5575974,105.4861005,way,1160002162
Chợ Tân Thạnh,10.5706195,105.4523919,way,1160002178
Chợ Tân Phú,10.5736111,105.5053745,way,1160002183
Chợ Tân Mỹ,10.6121627,105.5132407,way,1160002184
Chợ Tân Tây,10.6354106,106.2564713,way,1160317528
Chợ Long Thượng,10.6364355,106.6099455,way,1160706777
Chợ Nại Hiên Đông,16.0901089,108.2341385,way,1164429696
Chợ Thuỷ Biều,16.4448765,107.5436885,way,1166040896
Chợ trung tâm huyện Trấn Yên,21.751798,104.830057,way,1167296994
Chợ An Chu,10.9630315,106.9478102,way,1168280304
Chợ Hải sản Cửa Lò,18.8077865,105.7193652,way,1174486573
Chợ Tam Thanh,10.5067165,108.9456345,way,1176839553
Chợ (Không tên),21.0558237,105.8196745,way,1178261607
Chợ (Không tên),21.0566204,105.8200582,way,1178261620
Chợ Bà Thức,10.9829454,106.8424105,way,1178316066
Chợ cá Hồng Ngự,10.8058192,105.3450048,way,1178803333
Chợ trung tâm huyện Na Hang,22.3478644,105.3804464,way,1180252832
Chợ Lũng,20.8422911,106.7158503,way,1180319270
Chọ Trung Môn,21.8319272,105.1726941,way,1180919592
Chợ Vĩnh Châu A,10.716484,105.7205862,way,1180991343
Chợ Bắc Trà My,15.3381287,108.2160618,way,1181242323
Chợ (Không tên),19.4353326,105.7711485,way,1181766408
Chợ (Không tên),21.1364077,105.5059455,way,1183409645
Chợ (Không tên),21.1354765,105.5055616,way,1183409649
Chợ Dục Tú,21.1169897,105.8961356,way,1185629560
Chợ Hoàng Gia,20.9653967,106.2557892,way,1185791897
Chợ Trung tâm Đông Anh,21.1384612,105.8456087,way,1185901824
Chợ Phúc Lợi,21.0430171,105.9258521,way,1187339538
Chợ Phú Lộc,20.9779365,106.2495873,way,1188968955
Chợ Phan Rang,11.5611657,108.9903551,way,1189320755
Chợ Liên Hương,11.2236034,108.7295794,way,1189843736
Chợ mía Lạc Sơn,20.4080027,105.5371444,way,1190963530
Chợ Vồi,20.8656291,105.8673704,way,1192808464
chợ xã kháng nhật,21.6705888,105.4287173,way,1193932287
Chợ Nhông,21.2267494,105.3769501,way,1195179611
Chợ Phố Hoa,21.295497,105.9590645,way,1197077281
Chợ Phú Thịnh xã Phú Cường,21.2900072,105.396868,way,1199796076
Chợ (Không tên),21.0691063,105.7876037,way,1202447567
Chợ Trường Niên,17.3731534,106.6347714,way,1204592860
Chợ Trần Xá,17.3542806,106.6350144,way,1204622668
Chợ Võ Xá,17.3850131,106.6538058,way,1204622669
Trung tâm Thương mại Thứ Mười Một,9.6115319,104.9446982,way,1206016024
Chợ Mỹ Đình,21.0309136,105.7779682,way,1206047791
Chợ Lạc Hồng,10.2492383,106.3779143,way,1206165686
Chợ Bình Giang,10.2817564,104.7790213,way,1206750086
Chợ Bình Sơn,10.2566893,104.8195098,way,1206899069
Chợ Hòn Đất,10.1871919,104.9254327,way,1207457559
Chợ Sóc Sơn,10.1213401,105.0144516,way,1209246897
Chợ (Không tên),10.7449092,106.6383233,way,1210315511
Chợ Phú Định,10.7482348,106.6331981,way,1210468022
Chợ Trâu Quỳ,21.0121178,105.9385273,way,1212720895
Chợ Quan Hoa,21.0346768,105.7999961,way,1213238763
Chợ Phường Thắng Lợi,14.3533637,108.0207521,way,1213847508
Chợ Nghĩa Đô,21.0519642,105.8076723,way,1213883582
Chợ Cầu Giấy,21.0302053,105.8006321,way,1213885337
Nguyen Trai ward market,14.3377468,107.9933039,way,1215282306
Chợ (Không tên),10.7865826,106.7383795,way,1215518808
Chợ (Không tên),10.7867589,106.7384609,way,1215518809
Chợ (Không tên),10.7695322,106.7675621,way,1215596739
Chợ Ngân Sơn,13.3230801,109.213166,way,1222400528
Chợ Bình Nghị,10.3390712,106.6952521,way,1223998539
Chợ Long Thuận,10.3622749,106.6833532,way,1225334670
Chợ Phong Điền,9.9974516,105.6691297,way,1227502287
Chợ (Không tên),21.0315927,105.7851874,way,1229058063
Chợ 337 Dịch Vọng,21.0325499,105.7924739,way,1229058093
Chợ (Không tên),21.2723278,106.099743,way,1230290023
Chợ (Không tên),21.0398071,105.9028028,way,1231344672
Chợ Phổ An,14.8947323,108.9450806,way,1233308971
Chợ Bình Hoà,15.2980184,108.8296927,way,1233447573
Chợ Hoàng Hoa Thám,10.798381,106.6467325,way,1234026253
Chợ Phú Hòa Đông,11.0257294,106.5652893,way,1238464188
Chợ hoa Xuân,14.3650288,108.0172747,way,1241633641
Chợ (Không tên),12.2531473,109.1817968,way,1243113445
Chợ (Không tên),20.2198883,106.1799734,way,1250240974
Chợ Liễu Đề,20.2197272,106.1832993,way,1250241020
Chợ Vàm Market,10.7123075,105.345117,way,1250983170
Chợ Giang Biên,21.0624538,105.9166642,way,1251537938
Chợ (Không tên),12.2384349,109.1805017,way,1253173822
Chợ Vĩnh Tuy,21.0018938,105.871544,way,1253565814
chợ Tân Bùi,11.529796,107.7754748,way,1253658484
Chợ (Không tên),21.0345235,105.7849153,way,1253824080
Chợ (Không tên),22.1786264,104.353796,way,1254450254
Chợ Đồng Xuân,21.0380927,105.8494308,way,1255852379
Chợ Bắc Qua,21.0383428,105.8500567,way,1255852382
Tap hoa,12.2333716,109.1820133,way,1257737950
Chợ Bến Thành,12.2139085,109.1966171,way,1258471548
Chợ (Không tên),12.2670118,109.1621124,way,1261893268
Chợ (Không tên),12.2610241,109.1899682,way,1268183651
Chợ (Không tên),10.2183986,103.9594864,way,1272195377
Chợ Hòa Đa,13.2048167,109.277622,way,1272641239
Chợ Gò Công,10.362051,106.6733809,way,1272643929
Chợ Hải Sản Gành Dầu Phú Quốc,10.3704072,103.8408699,way,1276691661
Chợ Noong Bua,21.3900168,103.0307194,way,1281448736
Chợ Đắk Búk So,12.2079733,107.4608905,way,1283228718
Chợ đầu mối Nam Hà Nội,20.9262842,105.7609852,way,1286768581
Chợ (Không tên),12.2011387,109.2010193,way,1293735025
Chợ Trung tâm Xã Mà Cooih,15.8403329,107.6848966,way,1301066740
Chợ Ngọc Hà,21.0337197,105.831597,way,1301719963
Chợ Mỹ Thành,11.9426222,108.4280714,way,1304439975
Chợ Chi Lăng,11.9551263,108.4689373,way,1308816301
Chợ Liên Hòa,20.8859306,106.4998719,way,1312561147
Chợ (Không tên),10.8600568,106.6014252,way,1313432485
Chợ (Không tên),10.8594125,106.6012711,way,1313432486
Chợ (Không tên),10.8598034,106.6000818,way,1313432491
Chợ (Không tên),10.8600327,106.5999176,way,1313432492
Chợ (Không tên),10.859571,106.5992677,way,1313432493
Chợ (Không tên),10.8591325,106.5991425,way,1313432495
Chợ (Không tên),21.0356943,105.9114584,way,1315451332
Chợ Giang Liễu,21.1608243,106.1269409,way,1324618442
Chợ Choi,18.5380371,105.5085348,way,1325584421
Chợ Nầm,18.5146198,105.4941107,way,1325584434
Chợ Kỳ Đồng,16.069641,108.187075,way,1326219930
Chợ Mới Hòa thuận,16.0502588,108.2176369,way,1326231667
Chợ Nguyễn Tri Phương,16.0425896,108.2119262,way,1326232560
Chợ Hòa Cường,16.0432513,108.2179878,way,1326233277
Chợ Thanh Bình,16.0766735,108.2115102,way,1326234991
Chợ Nam Dương,16.0612799,108.2151828,way,1326236834
Chợ Nại Hiên,16.0595644,108.2223515,way,1326238459
Chợ (Không tên),16.0883096,108.2159348,way,1326266438
Chợ Hòa Khánh,16.0698569,108.1493014,way,1326279033
Chợ Hòa Xuân,16.0061957,108.2146404,way,1326320368
Chợ Non Nước,15.9951476,108.2573177,way,1326324217
Chợ Hà Liễu,21.166521,106.1381606,way,1327241575
Chợ trung tâm huyện Mèo Vạc,23.1644985,105.408744,way,1327813922
Chợ Bò,23.1657742,105.4081317,way,1327813980
Chợ Dương Đông,10.2205444,103.9598007,way,1328291798
Chợ Tam Thuận,16.0714579,108.2053386,way,1330644994
Chợ Phủ,21.1509607,106.1620167,way,1332098958
Chợ Suối Hoa,21.1835957,106.0717848,way,1332748596
Chợ Thuận An,16.054022,108.1835394,way,1332811566
Chợ Phú Bài,16.4102786,107.6798771,way,1340982869
Chợ Rộc,20.9392737,106.825278,way,1342579348
Chợ Phương Liễu,21.1736614,106.106356,way,1343819067
Chợ Làng Diềm,21.2107423,106.0510848,way,1344334773
Wholesale Market,10.293276,105.7690595,way,1347530160
Chợ Ngụ,21.064184,106.2318891,way,1349895596
Продукты,12.2557487,109.1915147,way,1356334930
Chợ (Không tên),11.9425424,108.4364524,way,1356815584
Chợ Tân An,10.5387757,106.4128563,way,1358136062
Chợ Rạch Ông,10.746806,106.6864536,way,1358149660
Chợ (Không tên),9.6705193,106.1570085,way,1360921746
Chợ Thái Phiên,11.9685312,108.4770438,way,1362459080
Chợ Xuân Ổ A,21.1567128,106.0371003,way,1380858784
Chợ (Không tên),12.6706941,109.403559,way,1381066194
Chợ (Không tên),12.2573662,109.099916,way,1382477449
Chợ (Không tên),9.7550665,106.3887477,way,1382920128
Chợ Thủ Thừa,10.6030972,106.4032189,way,1383095117
Chợ (Không tên),22.6676196,106.2475491,way,1384036319
Chợ (Không tên),22.6678523,106.247692,way,1384036320
Chợ Và,21.1311118,106.0744773,way,1384065730
Chợ Thuận An,9.7704273,106.1288584,way,1384317674
Chợ Cầu Quan,9.7668077,106.1333046,way,1384344028
Chợ (Không tên),20.9386422,106.0023899,way,1386605134
Chợ Cầu Kè,9.8723273,106.0560347,way,1387797822
Chợ Càng Long,9.9975976,106.2058937,way,1388252035
Chợ Phước Thọ,10.2372748,105.9588847,way,1388981201
Chợ Bờ Ngoong,13.8079308,108.108867,way,1394479574
Chợ Quán Bàu,18.6976132,105.6739826,way,1396126031
Chợ Vạn Nguyên,10.7280144,106.6325676,way,1396482622
Chợ Phú Trung,10.7737294,106.6431029,way,1396482623
Chợ Xã Chư Sê,13.6913526,108.0777823,way,1396505822
Chợ Trực Tuấn,20.270221,106.2785832,way,1396507644
Chợ Xuân Quế,10.8441307,107.1663913,way,1396538257
Chợ May 10,21.0379637,105.916726,way,1408786497
Chợ Phú Thuận,10.7279255,106.7360307,way,1411361898
Chợ Bảo Lâm,11.6271865,107.8384446,way,1411817931
Chợ (Không tên),11.9700333,108.4283232,way,1413498918
Chợ (Không tên),11.9702833,108.428172,way,1413498919
Chợ (Không tên),11.9699421,108.4279806,way,1413498920
Chợ Bà Bộ,10.0369488,105.7449951,way,1413995254
Chợ (Không tên),11.9547579,108.4290776,way,1414620834
Chợ Hữu Bằng,21.0260266,105.6124603,way,1415191319
Chợ Mỹ Thạch - Xã Chư Sê,13.7232204,108.0611366,way,1416239516
Chợ Cam Lộc,11.9198341,109.1387544,way,1417137086
Chợ Thanh Sơn,11.5704978,108.9924964,way,1417733436
Chợ Ninh Phụng,12.5020819,109.1045242,way,1418330033
Chợ Giáo Mẹo,10.0464973,105.8650847,way,1418962136
Chợ (Không tên),22.338597,103.8515465,way,1419391636
Chợ (Không tên),22.3389954,103.8522753,way,1419391643
Chợ (Không tên),22.5007846,103.9682606,way,1419404324
Chợ Bồ Sơn,21.1699863,106.0645755,way,1420449376
Chợ Trung tâm Hải Hà,21.4497452,107.7492721,way,1421929125
Chợ Trung tâm Hải Hà 2,21.4441558,107.7528856,way,1421929145
Vinh Truong Market,12.2059673,109.2016067,way,1423461009
Chợ Long Châu,10.254177,105.9627693,way,1423785773
Chợ Trường An,10.2644436,105.9325776,way,1423785774
Chợ (Không tên),20.9403081,106.0046177,way,1431081741
Nhà lồng Ts,10.7048457,106.6091794,way,1432234721
Chợ (Không tên),16.4814091,107.5573217,way,1433716326
Chợ (Không tên),16.4812613,107.5902534,way,1433717173
Chợ Vỹ Dạ,16.482899,107.5957453,way,1433717174
Chợ (Không tên),16.4948056,107.5965343,way,1433717175
Chợ Tiến Bào,21.1357303,105.9349688,way,1433740849
Chợ (Không tên),16.4904629,107.6266524,way,1433741179
Cái Chanh,9.9590354,105.7609961,way,1435243084
Chợ (Không tên),20.9558856,105.9884738,way,1435808414
Chợ thôn Đông,21.2261234,105.9386645,way,1435843147
Chợ phiên xã Văn Quan,21.8622828,106.5377423,way,1443839299
Chợ Lộc Quảng,11.6101303,107.813123,way,1446908456
Chợ (Không tên),20.9418155,105.9580309,way,1447896108
Chợ Đồng Tâm,20.9950852,105.8461559,way,1451711146
Cốc Lều B Market,22.5013614,103.9682778,way,1452788356
Cốc Lều A Market,22.5008822,103.9678151,way,1452788357
Chợ du lịch Lào Cai,22.4938737,103.9757127,way,1452901440
Chợ (Không tên),20.9525129,105.9521127,way,1453028467
Chợ Bình Tây,10.7493311,106.6510683,relation,2552505
Chợ Đà Lạt,11.9434245,108.4372121,relation,4119185
Chợ đêm,21.0345923,105.8503955,relation,7112202
Chợ Đêm,9.6050038,105.9767973,relation,9299637
Chợ (Không tên),21.8585762,106.7573158,relation,9964880
Trung tâm Thương mại Bà Rịa,10.4914093,107.1715595,relation,10284358
Chợ cũ Tôn Thất Đạm,10.7719499,106.7029683,relation,11102209
Chợ Hôm,21.0171532,105.8517902,relation,11623141
Chợ Nghi Tân,18.827728,105.7031932,relation,14257268
Chợ Phú Cường,11.0874369,107.1836044,relation,14315652
Chợ Vị Thanh,9.7760935,105.4610005,relation,15416874
Chợ Long Cang mới,10.5707217,106.5152424,relation,15659979
Chợ Phú Quới,10.1625545,105.921397,relation,16114520
Trung tâm thương mại dịch vụ Nghĩa Đô,21.0447858,105.7949172,relation,16437918
Chợ Vĩnh Hải,12.2787934,109.1940776,relation,16755650
Chợ (Không tên),9.1753151,105.1464611,relation,19009866
Chợ Vườn Đào,20.9600435,107.0527791,relation,19047142
Chợ (Không tên),16.5119376,107.5999677,relation,19655796
